17.248,17.869,17.248,353008,17.662
17.455,17.79,17.248,364884,17.248
17.248,17.662,17.248,331901,17.662
18.076,19.969,18.076,215725,19.969
19.84,21.693,19.84,244172,21.289
21.822,21.822,20.787,498473,21.408
22.236,23.793,22.236,364042,23.596
23.389,23.389,22.147,285412,22.64
24,25.646,24,299122,25.36
25.981,27.006,25.646,394201,25.646
25.981,26.06,25.449,411490,25.774
25.981,27.627,24.295,306026,24.295
23.389,26.188,23.389,1343005,24.946
24.749,25.36,24.621,214855,24.621
24,24,22.64,93713,22.847
21.615,22.442,21.615,155119,22.029
21.201,21.822,20.787,134284,21.822
22.029,22.029,21.693,159586,21.693
21.615,21.615,20.383,137952,20.875
20.787,21.822,20.383,159625,20.461
19.722,19.969,19.722,142633,19.969
20.383,21.693,20.383,55480,21.408
21.408,21.408,20.787,109175,20.994
22.029,22.975,22.029,179933,22.975
23.468,23.468,22.442,122369,22.561
23.881,25.853,23.881,234099,25.853
26.267,27.006,25.035,253317,26.799
27.006,27.006,25.646,365297,26.06
24.542,24.542,22.768,135278,22.768
22.147,22.147,20.787,147515,21.408
21.822,22.236,21.289,249234,21.289
21.408,21.408,20.461,321729,20.461
20.994,21.408,20.668,130333,21.201
20.787,20.787,20.254,133490,20.787
20.994,21.289,20.994,128866,21.289
21.408,21.822,21.289,85557,21.289
22.029,22.236,21.9,66641,22.029
22.847,23.881,22.847,86043,23.675
24.088,24.088,23.182,124605,23.468
22.029,22.029,20.787,142336,20.787
20.787,21.693,20.787,128944,21.496
21.496,21.496,20.787,137646,20.875
20.994,22.029,20.994,65630,22.029
22.442,22.442,22.029,106520,22.442
22.236,22.236,21.822,80573,21.9
22.029,22.64,22.029,130104,22.442
21.822,21.9,21.693,62943,21.822
21.822,22.236,21.693,40183,21.693
20.254,21.201,20.254,65820,20.787
20.994,20.994,20.787,53581,20.994
22.442,22.442,21.496,65093,21.615
21.822,22.029,21.615,79883,21.693
22.029,22.442,21.9,144020,22.442
22.64,22.64,22.354,121704,22.354
22.442,22.768,22.236,75311,22.768
22.847,23.054,22.442,175507,23.054
23.261,23.261,22.768,96766,22.768
22.442,22.442,22.029,57292,22.147
21.615,21.615,21.615,61552,21.615
21.408,21.822,21.408,53311,21.615
22.236,22.561,22.236,87784,22.561
23.261,23.793,23.261,119765,23.675
23.675,23.675,22.64,97546,22.768
22.64,23.054,22.64,54435,22.847
22.354,22.768,22.354,54797,22.64
22.64,22.847,22.147,98320,22.147
22.236,22.442,22.236,48829,22.236
21.9,22.029,21.822,68280,21.9
22.442,23.182,22.442,90845,22.768
23.182,23.182,22.561,73184,22.561
23.054,23.054,22.561,57938,22.561
22.442,22.847,22.442,57020,22.561
22.847,22.847,22.561,64328,22.561
22.64,22.847,22.442,61706,22.442
22.847,22.847,22.561,67219,22.561
22.442,22.442,22.029,57129,22.147
22.029,22.029,22.029,76796,22.029
21.822,22.029,21.822,50838,22.029
22.029,22.029,21.822,58744,21.822
21.822,21.9,21.408,46214,21.615
21.408,21.693,21.408,17470,21.496
21.615,21.615,20.994,46456,20.994
21.201,21.201,20.994,38971,20.994
21.408,21.408,21.082,76031,21.289
21.9,21.9,21.496,45431,21.496
21.408,21.408,21.082,29950,21.082
20.994,20.994,20.994,29913,20.994
20.994,21.289,20.994,28483,21.289
20.994,20.994,20.383,41750,20.383
20.59,20.668,20.383,56818,20.383
20.176,20.176,19.722,52422,19.84
19.722,19.722,19.722,52111,19.722
19.722,20.383,19.643,40365,19.969
21.201,21.822,21.201,41286,21.822
20.59,21.201,20.59,52281,20.787
20.383,20.383,19.84,25231,19.84
19.969,20.176,19.969,22992,20.176
20.047,20.047,19.436,10516,19.436
19.515,19.515,18.687,22095,18.687
18.894,19.308,18.894,27376,19.308
19.101,19.101,18.283,16892,18.283
18.401,18.401,18.076,25396,18.076
17.869,17.987,17.79,41823,17.79
18.401,18.894,18.401,67867,18.894
20.176,20.254,20.047,56519,20.176
20.176,20.176,20.176,64069,20.176
20.176,20.383,20.176,50359,20.383
19.722,19.969,19.722,34513,19.969
19.515,19.515,19.515,26775,19.515
18.687,18.687,18.687,27791,18.687
18.687,18.687,18.283,25966,18.283
17.869,18.687,17.869,25209,18.49
17.662,17.662,17.248,67272,17.248
16.716,17.662,16.716,71430,17.662
17.248,17.248,16.223,109670,16.223
16.716,16.834,16.637,392433,16.834
16.716,17.248,16.716,212064,17.041
17.041,17.337,17.041,67172,17.041
17.455,17.534,17.455,51455,17.534
17.455,17.79,17.337,41473,17.662
17.869,18.687,17.869,51875,18.687
18.687,20.59,18.687,91061,20.461
20.59,22.442,20.59,87947,22.442
22.561,22.561,21.201,353129,21.615
21.408,22.561,21.408,121888,22.029
22.354,23.261,22.354,90629,23.261
23.881,25.36,23.881,177332,24.946
23.881,23.881,22.847,71591,23.182
23.261,24.749,23.261,49869,24.207
24.088,25.36,24.088,73891,24.621
23.881,24.207,23.881,70303,24.207
23.881,24.828,23.881,74923,24.207
24.088,24.088,24.088,108490,24.088
23.468,23.675,23.261,112134,23.389
23.468,23.468,23.468,73483,23.468
23.468,23.675,23.468,100366,23.675
23.881,23.881,23.389,67243,23.389
23.881,23.881,23.389,78906,23.468
23.881,23.881,23.793,26756,23.793
23.468,23.468,23.261,33654,23.261
22.847,23.468,22.847,12248,23.468
23.054,23.054,21.693,50925,22.847
23.389,24,23.389,64355,23.881
23.468,23.468,23.054,67348,23.054
22.975,23.261,22.975,14993,23.261
22.64,22.975,22.64,39932,22.847
23.261,23.468,23.261,47902,23.261
23.261,23.261,23.261,64690,23.261
22.64,23.389,22.64,23501,22.975
22.847,22.847,22.64,32921,22.64
23.054,23.054,22.847,35944,22.975
23.468,23.468,23.261,79713,23.261
24.295,25.774,24.295,113122,25.567
25.981,26.799,25.981,257390,26.267
25.981,26.188,25.981,285747,26.188
25.981,25.981,25.36,110297,25.567
25.774,25.774,25.36,81061,25.36
25.567,25.567,25.153,122791,25.153
25.153,25.153,24.621,193399,24.621
25.567,25.567,25.242,94371,25.242
25.36,25.36,24.749,53586,24.749
24.946,24.946,24.295,22459,24.414
24.542,24.542,23.881,29809,24
23.675,24.414,23.675,61535,24.414
23.793,23.793,23.793,31959,23.793
23.468,23.468,23.054,15209,23.054
23.261,23.675,23.261,42080,23.389
23.596,23.596,23.468,41120,23.596
23.881,23.881,23.881,48082,23.881
23.675,23.675,22.236,55844,23.675
23.468,23.468,23.468,35811,23.468
23.468,23.881,23.468,50307,23.881
23.675,23.675,23.261,29938,23.261
23.261,23.261,23.182,107023,23.182
23.054,23.675,22.847,78039,23.675
23.054,24,23.054,197166,23.881
24.088,24.414,24.088,70514,24.207
24.088,24.207,24.088,65316,24.088
23.675,24.414,23.675,46177,24.207
24.088,24.295,24.088,104703,24.295
24.542,24.542,24,82746,24
24.088,24.088,23.675,51897,23.675
23.054,23.675,22.847,98796,22.847
23.054,23.596,23.054,60115,23.182
22.236,22.236,20.994,76778,20.994
20.047,20.047,18.076,26477,18.283
20.994,21.822,20.787,143002,21.615
19.969,20.383,19.722,85761,19.722
20.461,20.787,20.461,94628,20.668
20.994,21.289,20.994,166460,21.289
21.408,21.615,21.201,315331,21.615
21.201,21.201,20.787,143053,20.787
21.201,21.201,20.787,139594,20.994
20.383,20.383,20.176,44897,20.176
19.436,19.436,18.283,56027,18.687
17.534,17.869,17.534,109384,17.869
17.987,18.283,17.869,122096,18.283
18.283,19.022,18.283,150155,18.894
18.687,18.687,18.076,84981,18.076
17.455,18.194,17.455,59512,17.869
18.076,18.076,17.79,27434,17.869
18.401,18.815,18.401,45337,18.687
18.401,18.401,17.662,72462,17.869
18.283,18.687,18.283,106316,18.608
18.49,18.49,18.076,67123,18.076
18.283,18.283,18.076,59538,18.076
18.49,18.49,18.194,57799,18.194
18.687,19.643,18.687,28578,19.515
19.722,20.176,19.722,45499,20.176
19.722,19.969,19.722,80500,19.969
19.643,20.383,19.643,94480,20.176
19.722,19.722,19.436,58436,19.515
19.643,19.643,19.229,25064,19.436
19.722,20.668,19.722,349823,20.254
19.722,19.722,19.515,315595,19.643
18.49,18.49,18.283,83176,18.283
18.283,18.49,18.283,40229,18.49
18.687,19.722,18.687,60355,19.436
19.308,19.308,19.101,123772,19.101
19.308,19.308,18.894,31330,18.894
18.49,18.894,18.49,28270,18.687
17.041,17.041,16.834,74187,16.923
17.455,17.455,17.041,292337,17.13
17.662,18.194,17.662,49481,18.194
19.436,19.643,19.022,44246,19.515
18.894,19.308,18.687,84522,18.687
19.308,19.643,19.308,80737,19.643
19.308,19.308,18.687,36389,18.894
19.308,19.308,18.687,190200,18.687
18.49,18.49,18.49,43889,18.49
18.687,18.687,18.49,102976,18.49
18.687,19.101,18.608,53678,18.687
16.834,16.923,16.716,88080,16.834
17.662,17.79,17.248,47634,17.79
18.608,18.687,18.283,88681,18.608
17.869,18.283,17.79,16183,18.076
18.49,18.815,18.49,46332,18.687
18.687,18.687,18.283,44713,18.283
18.401,18.401,17.987,45269,18.194
18.894,18.894,18.401,73575,18.401
18.894,19.101,18.894,335566,19.101
18.894,19.643,18.894,42364,19.515
19.308,19.308,18.894,46284,18.894
19.101,19.308,19.101,32133,19.308
19.308,19.643,19.308,59349,19.643
19.308,19.643,19.308,77459,19.436
17.662,18.815,17.662,39420,18.687
19.436,19.84,19.436,117576,19.722
19.722,19.969,19.722,119881,19.84
19.722,19.722,19.229,52920,19.229
19.722,20.787,19.722,351553,20.787
20.383,21.408,20.383,71015,20.787
21.822,22.561,21.822,180392,22.236
22.236,22.561,22.236,204681,22.442
22.236,22.561,22.029,140416,22.029
21.408,21.408,20.461,85834,20.59
19.722,20.461,19.722,133585,20.461
19.969,19.969,19.515,155411,19.515
19.515,19.84,19.515,83924,19.722
19.722,20.383,19.722,255627,20.254
20.383,20.668,19.84,182080,20.047
19.722,19.969,19.436,68803,19.515
19.969,20.383,19.969,163509,20.383
20.047,20.047,19.722,121225,19.722
19.515,19.643,19.436,88124,19.643
19.722,19.722,19.436,39525,19.436
19.722,19.722,19.515,84607,19.515
19.722,19.84,19.515,55016,19.722
19.101,19.101,18.815,231515,18.815
18.687,18.815,18.687,73490,18.815
18.687,18.687,18.283,56015,18.283
18.608,19.101,18.608,29639,18.815
18.894,19.515,18.894,41640,19.515
19.722,19.722,19.515,111932,19.515
19.643,19.643,18.815,46189,19.022
18.894,19.308,18.894,36773,19.308
19.308,19.308,18.894,40044,18.894
18.894,19.022,18.894,28840,18.894
18.894,18.894,18.49,39427,18.608
18.687,19.022,18.687,44248,18.894
18.687,18.687,18.49,55553,18.49
18.49,18.49,17.987,43719,18.283
18.49,18.49,18.076,27902,18.283
18.49,18.49,18.076,66928,18.076
18.687,18.687,18.49,58111,18.49
18.687,18.687,18.194,52891,18.194
18.49,18.49,18.401,68805,18.401
18.49,18.49,18.076,101718,18.076
18.49,18.49,18.49,74114,18.49
17.041,17.869,17.041,24259,17.662
17.662,17.869,17.662,26294,17.79
17.662,17.987,17.534,41256,17.869
17.662,17.79,17.662,15819,17.79
17.662,17.662,17.534,27376,17.534
17.248,17.662,17.248,8889,17.534
17.662,17.662,17.662,4942,17.662
18.076,18.076,17.662,54987,17.662
18.076,18.076,17.869,52480,17.869
18.283,18.283,18.283,20676,18.283
17.662,17.662,17.662,6071,17.662
16.302,16.834,16.302,36172,16.834
16.716,16.834,16.509,54494,16.509
17.13,17.869,17.13,88824,17.662
18.687,18.687,18.283,110637,18.49
17.337,18.076,17.337,20210,17.869
17.534,17.534,17.248,25442,17.534
17.534,17.534,17.337,31735,17.337
17.248,17.455,16.923,31762,17.455
17.13,17.455,17.13,115288,17.337
17.248,17.248,17.13,29855,17.13
17.248,17.337,17.248,31534,17.337
16.637,16.923,16.637,48733,16.923
16.637,16.923,16.509,47153,16.637
16.302,16.43,16.095,29127,16.095
16.016,16.016,15.809,24743,15.888
15.484,15.809,14.942,32209,15.149
14.942,15.07,14.942,70187,14.942
14.735,15.07,14.735,78991,15.07
15.484,15.484,14.735,211897,14.735
15.356,15.356,15.277,116260,15.356
15.277,15.356,14.942,30582,14.942
15.602,16.016,15.602,23168,15.888
15.484,15.484,15.356,52917,15.356
15.277,15.277,14.942,105847,14.942
14.942,15.07,14.538,18197,15.07
13.503,13.503,12.882,47946,13.503
13.089,13.296,12.882,25906,13.296
13.296,13.296,12.882,26506,12.971
12.685,12.685,11.857,29303,12.143
11.443,11.936,11.443,46191,11.857
12.064,12.971,12.064,27596,12.764
12.882,13.424,12.882,71396,13.424
13.503,13.631,13.296,69641,13.631
13.503,13.71,12.971,22795,12.971
13.296,13.296,12.478,32518,12.685
12.478,12.882,12.478,32561,12.882
11.236,11.532,11.236,47836,11.236
11.443,12.271,11.443,25785,12.271
12.557,12.557,12.271,67388,12.557
13.503,13.503,12.764,52318,12.882
12.971,13.71,12.971,47374,13.71
14.124,15.277,14.124,49974,14.942
15.07,16.223,15.07,59883,15.602
15.484,15.484,15.07,68294,15.356
14.942,15.809,14.942,34501,15.356
14.735,15.07,14.538,58453,15.07
14.449,14.538,14.035,58439,14.035
14.538,15.07,14.449,97937,14.942
14.538,14.538,14.124,49918,14.242
14.331,14.331,13.838,27997,13.838
13.917,13.917,13.838,26241,13.838
13.71,13.838,13.503,22219,13.503
13.503,13.503,13.424,46027,13.424
13.424,13.424,12.971,32323,12.971
13.503,13.503,13.503,54640,13.503
13.296,13.296,13.089,19305,13.217
12.882,13.296,12.882,135623,13.217
13.296,13.296,12.882,74598,12.882
12.971,12.971,12.557,43863,12.764
12.764,12.971,12.478,63381,12.971
13.089,13.089,12.685,38055,12.882
13.296,13.424,12.971,26137,13.424
13.089,13.089,12.557,42741,12.557
11.857,11.936,11.739,90808,11.739
12.064,12.478,12.064,70585,12.478
12.064,12.271,11.936,48961,12.143
12.064,12.064,11.325,20101,11.443
11.65,11.65,11.236,22267,11.236
11.236,11.443,11.236,37606,11.443
11.443,11.65,11.236,35524,11.443
11.443,11.532,11.443,29035,11.532
11.029,11.029,10.586,26620,11.029
11.029,11.118,11.029,84558,11.029
9.925,10.329,9.925,52602,10.211
10.586,10.586,10.172,45048,10.329
10.379,10.783,10.379,28397,10.704
10.379,10.586,10.379,36848,10.379
9.965,10.379,9.511,25996,9.511
9.551,9.965,9.551,33525,9.965
9.551,9.551,9.2648,41072,9.3436
9.551,9.965,9.551,73835,9.965
9.551,9.965,9.551,83939,9.797
9.758,9.965,9.758,15693,9.836
10.497,10.911,10.379,87470,10.783
11.029,11.532,11.029,55451,11.532
10.783,10.783,10.379,58351,10.586
11.236,11.325,11.029,26606,11.118
11.029,11.236,10.783,31976,10.783
9.965,10.29,9.965,16506,10.083
9.965,9.965,9.2648,37362,9.3436
8.979,9.2648,8.8114,40681,9.0578
9.551,9.551,9.1367,34121,9.3831
8.8508,9.2648,8.8508,74428,9.1367
9.718,10.379,9.718,54443,9.836
9.718,10.172,9.718,49002,10.004
9.965,10.132,9.758,37843,10.043
10.172,10.29,10.132,45502,10.132
9.886,10.043,9.551,51931,10.043
10.172,10.172,9.886,30936,9.925
10.29,10.29,9.965,30669,9.965
9.965,10.172,9.679,29885,9.886
9.965,10.043,9.965,27514,10.004
9.758,9.758,9.551,25996,9.551
9.758,9.758,9.758,3370,9.758
9.551,9.551,8.9297,18476,8.9297
8.6044,8.772,8.6044,34944,8.772
8.5256,8.5256,8.151,35191,8.2299
8.7326,8.9297,8.7326,34281,8.772
9.0184,9.0184,8.772,29933,8.9297
9.3436,9.551,9.1367,28454,9.1859
9.1367,9.3436,9.1367,24555,9.1367
9.0578,9.551,9.0578,17794,9.551
9.4323,9.4323,9.3436,14508,9.3436
9.2648,9.3436,9.2648,10004,9.3436
8.7326,8.9297,8.6044,6681,8.6044
8.2792,8.772,8.2792,34166,8.565
8.5256,8.5256,8.5256,13142,8.5256
8.1116,8.1905,8.1116,23154,8.1905
8.5256,8.5256,8.1905,26156,8.1905
8.3186,8.3186,8.1313,17252,8.1313
8.3186,8.3186,8.1708,13297,8.3186
8.5256,8.6044,8.5256,11624,8.565
8.5256,8.5256,8.5256,20701,8.5256
8.3186,8.3186,8.3186,4583,8.3186
8.151,8.151,8.0525,10519,8.0525
8.3186,8.3186,8.1708,18735,8.2102
8.1116,8.1116,8.1116,19239,8.1116
7.9046,8.1116,7.7765,24640,8.0032
8.1116,8.1116,7.8652,19016,7.8652
8.1116,8.1116,8.0328,80371,8.0919
8.0032,8.2102,8.0032,62748,8.0919
8.0032,8.0032,7.9046,61068,8.0032
8.0032,8.0032,7.7371,71223,7.9244
7.7568,7.7568,7.5794,52978,7.6188
7.7174,7.7174,7.5794,41242,7.6582
7.8455,7.9046,7.7568,127154,7.9046
8.0032,8.7326,8.0032,321648,8.7326
8.8114,8.8114,8.3975,500142,8.4862
8.9297,8.979,8.6833,1690069,8.8508
8.8508,8.8508,8.3186,406809,8.3186
7.9638,7.9638,7.3921,339704,7.6977
7.678,7.678,7.4513,335728,7.5301
7.471,7.471,7.1063,243907,7.126
7.057,7.057,6.7712,189646,6.8106
6.6529,7.1063,6.6529,194411,7.057
7.3034,7.7765,7.3034,321164,7.678
7.471,7.471,7.057,337625,7.1654
7.3724,7.3724,7.0176,114961,7.1063
7.1851,7.1851,7.057,101160,7.1063
7.333,7.333,7.126,64435,7.1457
7.3034,7.3034,7.1654,98911,7.2246
7.3034,7.3034,7.057,90684,7.1063
7.1457,7.2246,7.057,80998,7.1654
7.264,7.264,7.2049,49303,7.2049
7.2246,7.2246,7.126,59019,7.126
7.0767,7.1654,7.0767,80978,7.1654
6.9585,6.9585,6.6036,136786,6.6036
6.7515,6.919,6.7515,59404,6.919
6.8599,7.1654,6.8599,153903,7.1063
7.264,7.5301,7.264,188082,7.3034
7.471,7.471,7.2049,75736,7.2443
7.2246,7.264,7.2049,92945,7.2443
7.264,7.264,7.1063,70964,7.2049
7.1654,7.3034,7.1654,31267,7.2049
6.9782,7.0373,6.9585,53415,6.9782
6.8599,6.8796,6.8106,52208,6.8106
6.919,6.9782,6.919,24053,6.919
6.9585,6.9585,6.8796,82047,6.919
6.8599,6.8599,6.7712,40302,6.7712
6.7515,6.919,6.7515,77189,6.8796
6.8599,6.919,6.8303,111608,6.8303
6.9585,7.1063,6.9585,71411,7.0176
7.057,7.1654,6.9585,147661,7.057
7.057,7.0767,7.0176,319068,7.057
7.057,7.057,6.9585,120535,7.0176
6.9585,7.057,6.9585,77085,7.0373
7.057,7.333,7.057,134591,7.333
7.471,7.7765,7.4315,323681,7.7765
7.5597,7.678,7.4315,406739,7.4907
7.5597,7.9046,7.5104,1245796,7.8849
8.2792,8.2792,7.8455,715572,7.9441
8.1116,8.6044,8.0032,595018,8.6044
8.5256,8.6833,8.2102,690770,8.3975
8.3186,8.4862,8.0722,703205,8.0722
7.7765,7.7765,7.126,464323,7.3724
7.1654,7.5301,7.1654,389647,7.264
7.2246,7.471,7.1063,537457,7.471
7.678,7.7371,7.471,645910,7.678
7.678,7.7371,7.4118,284578,7.6385
7.678,7.678,7.5301,197232,7.5794
7.6582,7.6582,7.333,354598,7.3527
7.0767,7.2443,6.9782,266503,7.0373
7.057,7.2443,7.057,197333,7.1457
7.3034,7.4315,7.1063,100990,7.1851
7.264,7.264,7.0176,119369,7.126
6.9387,7.1654,6.9387,97531,7.1654
7.2246,7.2837,7.1457,263909,7.264
7.2246,7.2246,7.0373,171427,7.057
7.0176,7.1063,6.9387,218192,6.9387
6.9979,7.0373,6.9387,207229,7.0373
7.1654,8.0328,7.1654,538911,7.4118
7.1654,7.5104,7.1654,503775,7.4513
7.8849,7.8849,7.678,1265740,7.8849
7.8849,7.8849,7.5104,373942,7.5597
7.3921,7.5301,7.3921,286296,7.471
7.471,7.5301,7.4118,288699,7.4118
7.6385,7.6385,7.3921,159390,7.4907
7.471,7.5301,7.4315,205268,7.4907
7.5794,7.5991,7.471,168000,7.5794
7.471,7.5794,7.471,266282,7.5597
7.5597,7.6582,7.4907,152371,7.6188
7.678,7.9046,7.678,434910,7.7174
7.7765,8.7326,7.7765,1195186,8.7326
8.565,9.1859,8.5256,1173207,8.6439
8.3186,8.3186,7.9638,551949,8.0525
8.0722,8.0722,7.7371,462338,7.7765
7.7765,7.9244,7.7765,343943,7.8061
7.9046,7.9046,7.7174,161599,7.7371
7.9046,8.2299,7.7568,424774,8.0722
7.9441,8.1708,7.9441,343438,8.0919
8.1313,8.151,8.0722,315963,8.0919
8.3186,8.358,8.1905,379740,8.358
8.3186,8.4369,8.2299,426738,8.2792
8.358,8.4862,8.2299,348249,8.2792
8.2792,8.3186,8.1313,140707,8.2299
8.2792,8.358,8.2299,189677,8.2792
8.3186,8.3975,8.2792,247298,8.358
8.4862,8.5256,8.1116,217610,8.2299
8.2792,8.2792,8.1116,219351,8.1116
8.0722,8.0722,7.9441,184951,7.9638
7.9244,7.9244,7.7371,107665,7.9046
7.9244,8.1905,7.9244,136456,8.151
8.1116,8.2299,8.1116,166725,8.2299
8.151,8.2299,8.0722,261558,8.151
7.333,7.7765,7.333,281886,7.6385
7.678,8.0919,7.678,252544,7.9046
8.0328,8.1905,7.9244,278713,8.0525
8.0525,8.0525,7.8849,174604,8.0032
8.0032,8.0032,7.8652,251398,7.9046
7.8849,7.8849,7.7371,130950,7.7568
7.678,7.8455,7.678,137520,7.7765
7.9046,8.1708,7.9046,185600,8.0919
8.3186,9.0578,8.3186,863365,8.9297
9.1367,9.511,9.1367,1282985,9.1367
9.1367,9.4323,9.1367,1114843,9.3042
9.3436,9.3436,9.0578,467381,9.1859
9.3436,9.3831,9.0972,517100,9.2254
9.1367,9.1367,8.8903,220945,8.979
9.1367,9.1367,8.8903,238077,8.9297
9.0972,9.1859,8.9297,334862,8.979
9.0578,9.3042,9.0578,179146,9.2648
9.1367,9.1367,8.979,299939,8.979
8.9297,9.0972,8.8508,130000,9.0578
9.1367,9.2648,9.0972,326904,9.2254
9.2648,9.3042,9.1367,338259,9.3042
9.4718,10.29,9.4718,589272,10.29
10.379,10.586,10.043,1068058,10.379
10.004,10.172,9.836,504737,10.172
9.886,10.004,9.59,208623,9.925
9.965,10.172,9.886,124741,9.965
10.083,10.083,9.758,131200,9.797
9.758,9.758,9.59,119041,9.629
9.886,9.965,9.758,122575,9.797
9.758,9.886,9.629,186640,9.836
9.758,9.758,9.679,102316,9.679
9.679,9.965,9.679,132835,9.925
9.925,9.965,9.758,225995,9.797
9.758,9.886,9.758,109665,9.836
9.758,9.886,9.4718,139698,9.59
9.4323,9.511,9.4323,181189,9.511
9.629,9.886,9.629,149191,9.836
9.886,10.043,9.886,183720,9.965
10.083,10.132,9.965,204280,10.043
9.965,9.965,9.797,186715,9.797
9.797,9.886,9.797,135028,9.886
9.679,9.679,9.59,84097,9.629
9.551,9.836,9.551,85299,9.629
9.679,9.758,9.551,78306,9.551
9.4718,9.551,9.4718,124380,9.511
9.4323,9.4718,9.3436,170208,9.3831
9.4323,9.59,9.4323,73252,9.551
9.551,9.629,9.511,102408,9.551
9.679,9.718,9.59,59101,9.629
9.551,9.551,9.4323,73604,9.4323
9.3436,9.4718,9.3436,229593,9.4718
9.4718,9.59,9.4323,78377,9.4718
9.4718,9.59,9.4718,255471,9.551
9.551,9.758,9.4718,168076,9.629
9.59,9.925,9.59,219145,9.836
9.965,10.172,9.965,264496,10.132
10.172,10.29,9.886,274271,9.925
10.083,10.083,9.836,236791,9.886
10.172,10.172,9.965,197464,10.083
9.758,9.758,9.679,139237,9.718
9.718,9.718,9.551,275414,9.629
9.551,9.679,9.3831,186692,9.551
9.3436,9.797,9.3436,556941,9.679
9.679,9.886,9.679,101624,9.758
9.886,9.886,9.629,79939,9.629
9.797,9.797,9.59,181874,9.59
9.718,9.758,9.59,156101,9.718
9.758,9.758,9.629,85032,9.679
9.718,9.758,9.629,68531,9.758
9.679,9.679,9.511,57261,9.679
10.586,10.586,9.965,2359062,10.043
9.965,9.965,9.679,561393,9.718
9.758,9.758,9.629,188468,9.718
9.836,9.925,9.797,216692,9.886
9.886,9.886,9.629,129357,9.718
9.758,9.886,9.758,83851,9.836
9.758,9.797,9.679,96773,9.758
9.886,10.211,9.886,180856,10.043
10.083,10.083,9.836,107909,9.925
9.965,10.083,9.965,94366,10.004
9.886,9.886,9.679,91253,9.758
9.758,9.836,9.629,111514,9.679
9.758,9.758,9.679,115172,9.718
9.758,9.758,9.511,45541,9.511
9.59,9.886,9.511,117397,9.836
9.758,9.925,9.718,50073,9.718
9.679,9.679,9.4323,66354,9.4323
9.4718,9.59,9.4718,86771,9.59
9.679,9.679,9.551,64907,9.59
9.551,9.551,9.4718,73806,9.511
9.511,9.551,9.4323,78564,9.511
9.4323,9.4323,9.3436,73872,9.3436
9.3436,9.551,9.3436,142249,9.4323
9.3436,9.3831,9.3042,121322,9.3042
9.3831,9.3831,9.2254,63769,9.2254
9.3042,9.3831,9.2254,47984,9.3436
9.3831,9.511,9.3831,56463,9.511
9.511,9.797,9.4323,93737,9.718
9.718,9.758,9.679,94655,9.718
9.758,9.758,9.679,96032,9.718
10.043,10.329,9.965,255357,10.004
9.965,10.083,9.925,130583,10.004
10.043,10.132,10.004,129128,10.083
10.172,10.911,10.172,511982,10.911
10.783,11.236,10.783,777082,10.911
11.029,11.325,11.029,457593,11.118
11.118,11.118,10.704,213141,10.783
10.783,11.325,10.783,215625,11.325
11.325,11.532,11.236,314153,11.325
11.029,11.236,11.029,153692,11.236
11.236,11.936,11.236,444652,11.857
11.857,11.857,11.532,444061,11.739
11.936,12.685,11.936,661844,12.557
12.478,12.882,12.143,507035,12.685
12.764,13.089,12.478,369409,12.557
12.478,12.478,12.064,371554,12.064
12.143,12.35,12.064,232379,12.064
12.271,12.478,12.064,198470,12.271
12.064,12.064,11.65,263598,11.65
11.65,11.65,11.325,327388,11.443
11.236,11.443,10.497,319272,11.236
10.783,11.029,10.704,311743,10.783
11.029,11.325,11.029,334045,11.118
11.236,11.236,10.783,185041,10.783
10.704,10.911,10.497,239353,10.704
10.29,10.29,10.083,338361,10.083
10.083,10.497,10.083,125786,10.329
9.965,9.965,9.629,204498,9.836
9.965,10.004,9.836,125147,9.965
10.132,10.132,9.836,96912,9.886
9.965,9.965,9.629,90150,9.797
9.679,9.886,9.551,135827,9.797
9.965,9.965,9.718,94427,9.797
9.797,10.043,9.797,171787,10.004
10.172,10.418,10.172,127452,10.211
10.172,10.497,10.172,136072,10.497
10.497,10.536,10.29,215880,10.418
10.379,10.704,10.379,258342,10.536
10.497,10.586,10.29,177405,10.379
10.379,10.379,10.083,44757,10.132
10.083,10.083,9.925,96635,10.004
10.004,10.379,10.004,161187,10.132
10.211,10.211,9.797,135900,9.965
9.886,10.043,9.886,154765,9.886
10.004,10.211,9.965,144523,10.172
10.25,10.497,10.25,166397,10.497
10.536,10.536,10.329,257258,10.379
10.536,10.911,10.536,129966,10.704
10.704,10.704,10.418,143099,10.586
10.497,10.586,10.379,64924,10.586
10.379,10.664,10.379,173047,10.586
10.379,10.586,10.379,99090,10.586
10.625,10.664,10.536,82499,10.586
10.497,10.497,10.379,53770,10.457
10.418,10.625,10.418,87703,10.586
10.497,10.497,10.132,69075,10.172
10.083,10.172,9.718,130993,10.083
10.004,10.004,9.797,111193,9.836
9.886,10.083,9.886,84223,9.925
9.4718,9.718,9.4718,76013,9.551
9.551,9.758,9.551,87566,9.758
9.797,10.043,9.797,52164,9.925
9.925,10.043,9.886,63915,9.886
10.004,10.379,10.004,106630,10.29
10.418,10.911,10.418,346921,10.911
11.078,11.65,11.078,253524,11.443
11.236,11.65,11.236,778719,11.482
11.65,12.685,11.65,513571,12.636
12.478,12.764,12.271,795713,12.478
12.478,12.557,12.143,502412,12.143
11.818,12.271,11.818,553181,11.936
12.389,12.636,12.389,475981,12.557
12.843,13.582,12.843,779156,13.503
13.631,13.67,13.296,687541,13.582
13.385,13.71,13.296,556197,13.71
13.631,13.956,13.631,379103,13.917
13.917,13.917,13.424,235489,13.631
13.71,13.71,13.296,575162,13.503
13.503,13.838,13.335,285742,13.749
13.917,13.917,13.631,429500,13.789
13.917,15.563,13.917,533177,15.484
15.238,15.523,14.203,1078027,14.37
14.538,14.696,13.838,411055,14.41
14.449,14.538,14.282,316576,14.41
14.735,14.735,14.449,566936,14.735
14.863,14.863,14.656,284739,14.735
14.735,14.735,14.41,466907,14.538
14.735,15.356,14.735,359908,15.356
15.356,16.016,15.356,658273,15.888
15.977,16.509,15.977,543796,16.391
16.184,16.637,15.602,422796,15.602
16.302,17.041,16.302,451148,17.041
17.909,19.308,17.909,655562,19.308
18.441,19.229,18.441,711150,19.022
17.869,19.101,17.869,789530,18.49
19.101,19.229,18.776,654475,19.229
20.047,21.615,20.047,1073067,21.615
22.029,25.153,22.029,543069,24.295
24.207,25.449,23.182,1632512,24.946
24.207,24.414,23.881,986320,24
23.881,24.946,23.468,696778,23.881
23.881,23.881,22.029,550854,22.768
22.768,23.261,22.236,420574,23.261
23.054,23.468,21.615,348706,22.147
21.201,21.289,20.254,602236,21.201
21.201,21.201,20.59,418646,20.787
20.629,20.994,20.59,346836,20.708
20.59,20.59,19.436,450170,19.643
19.515,19.515,18.283,775967,18.687
18.944,20.008,18.944,813155,19.722
19.722,20.994,19.722,761860,20.994
20.668,22.029,20.59,1151036,21.289
20.787,22.442,20.787,673147,22.236
22.847,25.567,22.847,948852,25.567
25.153,27.548,25.153,1317524,27.134
27.627,31.786,27.627,637219,30.751
30.347,32.811,28.652,798038,30.544
30.219,33.225,29.312,1392622,32.732
33.225,36.152,33.225,1039670,35.738
36.557,41.79,36.557,1280804,38.863
36.557,40.509,36.557,937613,39.277
40.223,41.997,38.863,1282582,39.07
36.557,39.07,36.557,606407,38.952
40.105,40.105,38.124,780766,38.952
39.898,39.898,38.656,422117,39.898
39.484,41.376,38.952,617097,40.923
41.997,44.264,41.997,800999,43.85
41.583,45.289,41.583,557887,45.082
45.703,52.494,45.703,948665,52.08
50.227,60.32,50.227,600016,55.786
55.165,62.37,55.165,1570377,62.37
60.724,60.724,54.968,1792417,57.225
54.761,57.018,50.02,1456963,56.2
60.113,65.258,58.26,1125178,64.43
66.076,70.817,66.076,1171602,70.61
72.669,75.547,66.904,1331835,67.732
65.672,72.049,65.672,830301,71.23
72.049,72.049,65.879,757553,66.283
65.465,67.929,65.465,612603,66.49
63.405,66.283,63.405,573156,64.43
66.697,70.817,66.283,962257,70.196
73.281,78.435,73.083,1346517,75.754
71.635,71.635,64.844,1051906,66.697
68.55,72.256,68.136,587357,71.23
65.879,67.732,65.465,304940,66.076
69.378,70.61,66.076,304146,69.378
72.463,72.463,67.525,267620,68.343
68.343,68.343,66.076,240154,66.49
65.465,66.283,62.991,290680,63.819
65.879,65.879,63.405,300039,64.844
65.465,65.465,63.819,171141,64.637
64.844,66.697,64.026,714422,66.076
67.732,67.732,66.49,249462,67.111
66.49,66.904,65.879,184516,66.283
63.405,63.405,59.492,236936,62.173
58.26,58.26,51.873,690983,52.494
52.287,52.908,48.788,468586,52.287
52.287,52.287,46.728,307434,47.142
44.875,49.202,42.815,672295,47.763
47.142,47.142,42.608,575465,43.436
44.057,46.314,44.057,779098,45.496
46.107,47.142,45.289,472754,46.521
47.349,47.349,44.264,336846,45.082
42.608,42.608,39.07,319190,40.302
42.815,44.264,42.204,258527,42.204
39.691,42.608,39.691,416695,41.997
42.204,44.057,41.13,390101,42.204
38.124,38.124,35.206,403373,37.384
39.898,39.898,37.917,437257,39.277
39.898,39.898,37.838,358723,38.252
37.838,38.459,37.384,262764,38.252
36.35,36.557,35.531,197474,36.064
36.152,36.152,33.885,303405,33.885
33.225,33.964,30.751,556892,31.372
32.397,33.885,32.397,630968,33.353
31.372,32.2,30.958,267147,31.372
30.426,30.426,28.78,475765,29.598
29.194,29.194,27.548,211707,28.041
28.041,29.312,27.745,231773,29.105
29.519,31.697,29.519,1275662,31.579
31.579,38.124,31.579,954579,36.97
39.484,43.85,38.252,1772435,43.85
43.436,47.556,41.997,1459962,43.022
45.496,47.142,44.668,868741,45.082
43.436,43.436,40.716,529062,41.13
40.509,42.411,40.509,531768,41.79
40.716,41.13,39.277,448127,39.563
39.277,39.691,37.384,473021,37.384
38.538,38.538,36.557,575420,36.557
34.704,35.531,32.604,520027,34.171
35.65,36.685,34.911,745788,36.064
33.225,34.911,33.225,397499,34.585
35.857,38.863,35.857,1140694,38.863
39.356,41.997,38.745,831615,39.277
40.509,40.509,38.252,659085,39.277
40.509,41.583,40.105,1229897,41.376
40.43,40.43,39.07,699744,40.016
40.105,40.105,38.124,447957,38.459
37.099,37.306,35.324,816296,35.738
35.403,38.459,35.403,553834,38.045
38.952,40.509,38.952,800822,39.691
40.105,41.169,39.563,747945,40.016
39.691,39.691,38.459,201970,38.538
38.459,39.07,37.591,347479,37.71
39.277,39.898,38.863,273539,38.863
39.277,39.277,38.656,155581,38.863
38.952,38.952,38.252,225861,38.252
38.045,38.045,37.177,145929,37.306
39.484,39.691,38.952,245624,39.356
39.484,39.484,38.656,323220,39.07
38.745,39.356,38.745,114887,39.159
39.691,43.436,39.691,568373,43.022
43.643,45.082,42.815,1178767,43.229
43.229,43.643,42.411,484988,43.643
43.643,43.643,41.13,467684,41.583
41.997,41.997,39.484,513740,39.484
39.77,41.051,39.77,419597,40.43
40.716,40.716,39.691,340798,40.016
39.563,40.105,38.459,430005,38.459
38.252,38.252,36.97,226199,37.838
38.656,38.656,37.384,141285,38.252
38.863,38.863,37.591,114550,37.71
37.591,37.591,36.271,161024,36.478
37.591,39.356,37.591,326440,38.863
39.277,39.277,38.331,200005,38.459
38.656,39.07,37.384,188670,37.838
38.045,38.252,37.71,128764,37.838
37.838,39.691,37.838,282703,38.538
38.656,40.223,38.538,253508,39.07
39.07,39.277,38.459,240114,38.538
38.952,38.952,37.838,168609,38.124
37.838,37.838,37.177,100643,37.503
37.384,37.384,36.557,128681,36.685
36.557,36.557,34.299,193836,34.506
33.885,34.792,32.525,334295,34.585
34.506,34.999,33.964,147459,34.299
33.225,34.092,32.604,191412,33.472
32.397,32.939,30.958,350680,31.579
32.604,33.472,32.604,153500,33.146
33.146,33.146,31.786,227938,32.318
33.679,34.299,33.679,194892,34.171
34.299,34.299,33.55,86669,33.55
34.299,34.999,34.299,192408,34.792
35.945,37.099,35.945,177591,36.763
36.478,36.478,34.792,290506,35.531
35.118,35.118,34.092,240295,34.299
34.299,34.506,34.092,38334,34.378
34.911,35.65,34.911,65084,35.65
34.585,34.911,33.55,87796,34.092
35.118,35.118,33.679,101594,34.999
34.299,34.506,33.885,40922,34.171
34.506,34.506,34.092,53612,34.506
34.299,34.911,34.092,73456,34.299
35.118,35.531,34.911,81124,35.324
35.945,36.152,35.65,137695,35.738
35.738,35.738,34.911,44142,35.118
34.911,35.206,34.299,40023,35.206
35.324,35.857,34.704,153237,34.999
35.324,37.71,35.324,360382,37.71
38.863,40.43,38.252,584311,39.898
39.898,40.105,38.538,416673,38.538
38.252,39.07,37.838,304512,39.07
38.459,39.159,38.252,118414,38.863
38.252,38.538,37.384,185653,38.459
38.331,38.331,37.099,181364,37.384
36.557,36.97,36.271,153359,36.478
36.763,38.124,36.763,196646,38.124
38.045,38.459,36.97,166365,37.384
37.838,38.252,37.384,112882,38.124
37.917,37.917,37.099,156278,37.384
36.557,36.97,36.152,91031,36.763
36.35,36.763,35.738,149817,35.945
36.35,36.35,34.999,107942,35.118
35.118,35.118,33.225,212179,33.679
31.697,32.397,30.219,359201,31.5
32.939,33.225,32.397,156042,32.811
31.579,31.786,30.544,216014,30.958
30.751,31.5,30.633,183392,30.84
30.347,30.347,27.952,247254,29.105
30.14,30.751,28.987,309779,30.426
30.347,32.397,30.347,228424,31.786
30.347,31.165,29.598,109789,30.751
29.312,31.165,28.898,405930,30.751
31.165,34.299,30.751,1035210,32.111
31.786,32.397,31.086,179562,31.5
30.544,31.372,30.14,282346,30.958
31.165,31.165,30.347,270471,30.751
29.519,29.519,28.366,373119,29.105
29.598,30.219,29.105,341760,29.105
27.627,28.248,27.006,302052,28.159
30.14,30.426,29.312,358632,30.012
29.805,30.633,29.401,238542,30.426
28.987,29.519,27.213,254810,27.834
29.598,30.751,29.598,294372,29.726
31.165,31.165,30.426,482547,30.84
30.347,30.347,29.933,108794,30.14
29.598,30.347,29.598,153633,30.012
29.519,29.519,28.652,74743,28.987
29.105,29.105,28.366,100155,28.652
28.987,28.987,28.445,59502,28.573
28.652,28.78,28.041,60685,28.78
28.248,29.194,28.248,97043,29.105
29.933,30.751,29.726,178070,30.751
31.372,31.993,31.372,462047,31.697
31.579,33.679,31.579,420939,33.679
33.679,33.964,32.604,246290,33.225
33.225,33.225,32.2,238739,32.604
31.904,31.993,30.958,311610,31.786
31.579,31.579,30.219,187293,30.958
29.312,29.312,27.834,552367,28.898
31.165,31.165,29.519,600386,29.519
28.041,28.041,24,655109,24.295
25.242,25.242,21.9,1187533,24.414
23.675,25.36,23.596,326214,24.621
24.542,25.153,23.675,229793,23.793
24.088,24.295,23.389,212388,23.596
23.675,23.675,22.029,249615,22.847
22.847,23.054,22.147,188026,22.442
22.847,23.596,22.64,378445,23.389
24.088,24.295,23.261,418648,23.389
23.389,23.596,22.64,180973,22.847
22.236,22.561,21.822,318838,21.9
21.408,21.496,20.136,375822,20.383
20.59,20.994,20.215,265444,20.254
19.929,20.008,19.022,221501,19.062
19.476,19.515,19.022,290323,19.308
20.422,20.54,19.929,404225,20.383
20.668,22.236,20.383,709236,22.147
23.468,24.088,23.054,617604,23.261
23.881,23.881,23.054,367916,23.261
22.975,23.389,22.442,355902,22.768
22.847,23.881,22.768,369242,23.054
23.054,23.596,22.847,314158,23.389
23.261,23.675,22.847,295317,23.596
23.675,25.242,23.675,644499,24.621
24.946,25.242,24.295,389430,24.621
24.295,24.542,23.596,515983,23.881
22.847,24.088,22.847,288781,23.675
24.542,24.828,24.207,241837,24.749
25.36,26.474,25.242,389441,26.267
27.134,27.341,25.567,683354,26.06
25.981,26.188,25.36,242062,25.646
24.828,25.774,24.621,223550,25.242
24.946,25.153,24,410205,24.295
25.774,25.853,24.749,549724,24.946
25.36,25.36,24.542,200532,24.542
24.088,24.414,22.975,344523,23.182
23.468,23.793,22.847,343947,23.675
23.468,23.596,22.975,102228,23.054
22.847,22.847,22.029,284989,22.147
23.054,23.389,22.768,408543,22.847
23.054,23.182,22.236,126274,22.442
22.236,22.768,21.9,105325,22.442
22.847,23.881,22.354,410730,23.675
23.596,24.621,23.468,372368,23.881
24.946,25.449,24.542,642694,25.153
25.153,25.153,24,232858,24
23.793,24.295,23.596,200552,23.881
24.295,24.542,23.468,197392,23.675
23.468,23.881,23.389,183552,23.675
23.054,23.675,22.847,246423,23.675
23.596,24,23.468,131800,23.881
24.088,24.542,23.675,131634,24
24.088,24.088,23.675,105724,23.793
23.596,23.596,23.261,130316,23.389
23.675,23.793,23.261,96290,23.261
22.975,23.054,22.029,304491,22.147
21.9,22.236,21.201,203760,21.822
21.289,21.289,20.215,376968,20.501
20.422,21.201,19.801,272801,19.969
20.176,20.176,19.19,228122,19.19
19.308,19.722,18.983,219710,19.229
19.722,19.969,19.387,273172,19.929
19.348,19.555,19.308,106623,19.555
19.969,20.047,19.476,246209,19.801
19.387,19.515,18.076,377126,18.283
18.283,18.49,16.834,337305,16.834
16.884,17.288,15.977,1279796,17.041
16.923,16.923,16.135,492979,16.47
16.637,16.923,16.391,478743,16.47
16.923,17.416,16.509,978858,17.002
17.416,17.583,16.43,454527,16.43
16.391,16.391,14.41,595732,14.41
13.503,15.691,12.971,2400424,15.484
14.203,15.149,14.203,831639,14.331
14.37,14.735,13.917,359949,14.242
14.331,14.617,13.71,246409,13.71
13.956,14.331,13.257,642194,14.331
14.035,14.035,13.424,221532,13.424
13.138,13.385,12.478,313558,12.685
12.064,12.064,11.236,590148,11.236
10.418,10.95,10.083,388566,10.172
9.965,11.029,9.965,889575,11.029
11.197,12.271,10.832,1749076,12.271
13.424,13.917,12.724,1988478,13.917
14.163,14.41,12.182,3707950,12.478
11.689,13.296,11.689,563052,12.478
12.764,13.05,12.685,312367,12.685
12.478,12.803,12.143,279126,12.143
12.064,12.143,11.571,186892,12.143
12.764,12.764,12.182,250565,12.182
12.064,12.478,12.025,132211,12.025
12.271,12.271,11.896,129073,11.936
12.064,12.143,11.857,100720,12.025
11.739,11.896,11.65,72203,11.65
11.857,11.857,11.157,166492,11.157
11.197,11.197,10.586,71448,10.832
10.457,10.536,10.172,119700,10.418
10.211,10.871,10.132,230653,10.536
10.95,11.118,10.704,213634,11.118
11.325,11.325,11.029,239649,11.078
11.118,11.443,10.871,212293,11.325
11.482,12.025,11.236,375771,11.482
11.739,11.857,11.482,276643,11.689
11.739,11.739,11.364,123972,11.482
11.236,11.236,10.783,106015,10.832
11.078,11.482,10.95,388367,11.482
11.896,11.985,11.482,388243,11.65
11.611,11.818,11.482,211246,11.739
11.364,11.482,11.364,124842,11.364
11.482,11.611,11.236,120425,11.285
11.236,11.404,11.157,51606,11.364
11.482,11.611,11.404,105631,11.611
11.532,11.818,11.364,189595,11.818
11.818,12.389,11.818,314830,11.985
11.985,12.31,11.896,161087,12.025
11.985,11.985,11.571,138127,11.739
11.857,12.025,11.571,92148,11.571
11.443,11.443,10.911,159052,10.99
10.418,10.497,10.004,289808,10.083
10.132,10.586,9.925,318896,10.586
10.418,10.704,10.29,141526,10.379
10.379,10.379,10.004,135465,10.043
10.132,10.25,9.797,262949,9.836
9.679,9.679,9.3831,243290,9.629
10.043,10.043,9.679,164394,9.797
9.758,9.886,9.718,22372,9.718
9.758,9.965,9.758,72295,9.925
10.043,10.379,10.043,275493,10.172
10.043,10.172,9.925,141979,9.925
9.965,9.965,9.836,161148,9.836
9.965,9.965,9.59,74367,9.59
9.551,9.718,9.551,53952,9.629
9.629,9.925,9.629,42177,9.758
9.629,9.718,9.511,38638,9.551
9.511,9.511,9.3436,144085,9.3831
9.3436,9.3436,9.0578,160555,9.2648
9.0972,9.0972,8.5256,156900,8.5256
8.4369,8.5256,8.0525,285789,8.3186
8.3975,8.6439,8.2299,298005,8.2299
8.0722,8.3186,7.7371,295832,8.0722
8.1313,8.3186,7.7765,292703,7.7765
7.7371,7.7568,7.5794,287889,7.6385
7.5991,7.9441,7.5991,215657,7.9046
8.1116,8.4369,8.0525,295033,8.3186
8.4862,8.8114,8.151,242590,8.6439
8.565,8.9297,8.358,262020,8.8508
8.8903,9.0972,8.6044,212939,9.0578
8.9297,9.758,8.9297,373305,9.629
9.797,10.497,9.758,574965,10.457
10.625,11.029,10.379,625127,10.418
10.083,10.704,9.679,867563,10.586
10.704,10.832,10.211,819599,10.704
10.783,10.783,10.457,317859,10.783
10.664,10.664,10.172,213716,10.172
10.004,10.664,9.718,898863,10.379
10.25,10.25,9.1367,128655,9.4323
9.3831,9.4718,8.8114,98571,8.8114
8.8508,8.8508,8.1708,75598,8.2299
8.3186,8.5256,8.2299,71056,8.3186
8.358,8.8114,8.2792,74957,8.6833
8.8114,8.8508,8.565,126454,8.8508
8.8903,8.9297,8.3186,91185,8.3975
8.0919,8.2792,7.8652,91605,8.2792
8.5256,9.551,8.3975,177201,9.551
9.758,10.004,9.2648,193868,9.551
9.4718,9.718,9.3436,36801,9.718
9.551,9.679,8.9297,61013,8.9297
8.7326,9.0578,8.565,46752,9.0578
9.0578,9.0578,8.772,58693,8.772
8.6833,8.8114,8.565,34257,8.6044
8.8114,9.4323,8.8114,72504,9.1367
9.2648,9.3042,8.7326,50134,8.8114
8.9297,8.979,8.565,39984,8.565
8.8508,9.2254,8.7326,74072,9.1367
9.3436,9.758,9.3436,138545,9.679
9.4718,10.586,9.4718,131805,10.004
9.965,10.379,9.797,84466,10.25
10.379,10.379,10.043,93251,10.172
10.211,10.664,10.211,127353,10.457
10.379,10.536,10.211,50894,10.329
10.29,10.664,10.29,53802,10.497
10.457,10.457,10.329,38925,10.418
10.29,10.29,9.797,56522,9.797
9.679,9.965,9.551,30514,9.965
10.083,10.329,10.043,68566,10.172
10.132,10.379,10.132,34963,10.379
10.379,10.586,10.379,59954,10.457
10.536,10.536,10.29,54562,10.497
10.379,10.457,10.25,65414,10.379
10.211,10.329,9.886,44290,10.043
10.004,10.29,10.004,11063,10.211
10.083,10.497,10.083,23178,10.29
10.329,10.497,10.211,23300,10.379
10.25,10.783,10.25,27157,10.625
10.783,11.078,10.536,92579,10.625
10.497,10.704,10.497,41626,10.586
10.497,10.704,10.457,33623,10.586
10.625,10.783,10.625,30326,10.783
10.704,11.078,10.704,69798,10.99
11.118,11.532,11.029,220306,11.364
11.611,11.739,11.157,173608,11.364
11.236,11.65,11.236,42799,11.65
11.739,11.818,11.404,114887,11.404
11.364,11.482,11.157,66376,11.236
10.832,11.364,10.832,63636,11.157
11.325,11.325,10.29,58512,10.704
9.965,10.497,9.886,165906,10.497
10.25,10.497,10.211,42882,10.379
10.25,10.29,9.511,91716,9.511
9.4718,9.4718,9.0972,49554,9.2254
9.3042,9.758,9.0578,78630,9.718
9.718,10.043,9.718,47726,9.965
10.043,10.043,9.679,15940,9.836
9.4323,9.758,9.1367,37855,9.2648
9.679,9.758,9.0972,33435,9.4323
9.4718,9.4718,9.0972,118529,9.1367
9.2254,9.2254,9.0578,94446,9.1367
9.2648,9.2648,8.6439,28291,8.9297
9.0578,9.2648,9.0184,64283,9.0578
9.0578,9.1859,9.0578,15360,9.1859
9.3042,9.3042,8.7326,23999,8.9297
8.9297,8.9297,8.6833,28711,8.6833
8.9297,8.9297,8.7326,47547,8.772
8.8114,9.0578,8.8114,22987,8.979
8.979,8.979,8.7326,27355,8.8508
8.9297,9.3436,8.8508,83820,9.1859
9.3436,9.758,9.1859,157095,9.629
10.083,10.871,9.551,306441,10.132
10.25,10.25,9.886,99836,10.211
10.083,10.743,9.965,100557,10.25
10.586,11.325,10.497,154216,11.157
11.778,12.231,10.586,213988,11.078
10.536,11.118,10.418,128893,10.783
10.783,11.157,10.586,89474,10.832
10.783,11.118,10.783,103710,11.118
11.404,11.65,10.832,210170,11.029
10.783,11.197,10.704,116001,11.197
11.482,11.689,10.783,165908,10.832
11.118,11.364,11.029,118072,11.197
11.404,11.443,11.029,137423,11.236
10.871,10.99,10.586,91493,10.586
10.497,10.95,10.457,68533,10.95
10.99,10.99,10.743,36273,10.911
10.783,10.95,10.783,21439,10.871
10.95,11.029,10.625,27480,10.664
10.586,10.783,10.418,42806,10.497
10.586,11.029,10.418,49796,11.029
10.832,11.285,10.704,94937,10.704
10.99,11.029,10.536,47501,10.586
10.832,10.99,10.704,55968,10.95
11.197,11.611,10.911,254557,11.532
11.571,11.778,11.029,179367,11.029
11.078,11.364,11.029,42828,11.118
11.285,11.364,10.783,65944,11.029
11.029,11.197,10.911,39282,10.99
11.078,11.118,10.625,112498,10.625
10.379,10.743,10.29,101993,10.743
10.743,10.743,10.329,148142,10.497
10.536,10.586,10.29,53354,10.418
10.418,10.536,10.379,30805,10.379
10.132,10.536,10.132,52464,10.418
10.536,10.586,10.418,36437,10.418
10.418,10.536,10.172,27632,10.172
10.004,10.043,9.59,32384,10.004
10.329,10.457,10.172,43142,10.379
10.704,10.783,10.418,65588,10.536
10.743,10.743,10.536,58829,10.536
10.497,10.664,10.497,37698,10.664
10.536,10.664,10.211,66288,10.211
10.004,10.172,9.925,81218,10.083
10.29,10.29,9.886,45869,9.965
9.965,9.965,8.979,81974,8.979
8.9297,9.2254,8.8903,52730,9.0578
9.2254,9.2648,8.8508,97184,9.1859
9.0578,9.59,9.0578,144498,9.551
9.511,9.511,9.1367,107383,9.3436
9.3436,9.3436,9.2254,109527,9.3436
9.1859,9.4323,9.0578,46743,9.1367
9.2648,9.551,9.0578,350131,9.551
10.211,10.211,9.2254,1061384,9.4718
9.4718,9.511,9.1367,69834,9.3831
9.4718,9.4718,9.1859,9999,9.2254
9.3436,9.679,9.3042,59723,9.679
9.925,9.925,9.3042,177963,9.3436
9.3436,9.511,9.0578,93807,9.2648
9.2648,9.2648,8.8508,98068,9.0578
9.0972,9.551,8.979,119428,9.4718
9.551,9.59,9.2254,192808,9.3831
9.3436,9.511,9.3042,64450,9.3831
9.3831,9.3831,9.0972,54952,9.1859
9.0184,9.1367,9.0184,51662,9.0578
9.1859,9.2648,9.0578,95214,9.0578
9.2254,9.2254,9.0972,89416,9.2254
9.3042,9.3042,9.0972,80524,9.1367
9.0972,9.1367,8.9297,41689,8.9297
9.0578,9.0578,5.7659,1152756,6.7909
6.919,7.0767,6.6332,292373,6.6923
6.6332,6.6923,6.2587,132407,6.5445
6.6332,6.6332,6.3375,52859,6.4656
6.5445,6.5445,6.0123,133308,6.1305
5.8447,5.9728,5.2336,934130,5.2928
5.3125,5.6377,5.1646,196056,5.5195
5.6772,5.7264,5.3519,153352,5.3519
5.3913,5.48,5.3322,53738,5.3519
5.2928,5.4307,5.2928,31264,5.4307
5.618,5.618,5.273,57702,5.3322
5.3322,5.3716,5.1449,32065,5.1449
5.0858,5.1449,4.9379,63575,5.0069
5.1252,5.1252,4.9379,33474,4.9379
4.9379,5.0069,4.6718,112117,4.731
4.8394,4.8394,4.3466,163230,4.4254
4.4057,4.4057,4.1396,126602,4.2579
4.2184,4.3071,4.1593,106753,4.2579
4.3663,4.6127,4.3269,195068,4.4451
4.4057,4.524,4.3663,69284,4.524
4.9379,5.7264,4.8197,768950,5.273
5.5392,5.5392,5.1843,653178,5.2533
5.2336,5.2928,5.0069,274440,5.1843
5.1843,5.2336,5.0858,51108,5.2336
5.2533,5.2533,5.0661,1136898,5.1252
5.273,5.3125,4.731,539873,4.9379
4.9379,5.0069,4.8197,69582,4.8394
4.7802,4.8591,4.6324,105877,4.731
4.8,4.8,4.6127,79477,4.6915
4.7802,4.7802,4.6324,72406,4.6718
4.7112,4.7112,4.6521,23180,4.6521
4.6127,4.8788,4.5733,222985,4.6521
4.6521,4.7507,4.593,89625,4.6521
4.5535,4.6521,4.5535,39242,4.5733
4.6127,4.6127,4.5733,20334,4.6127
4.6521,4.6521,4.5733,27725,4.6127
4.593,4.593,4.3269,65795,4.3663
4.3663,4.4057,4.2382,83589,4.2382
4.3269,4.3269,4.1987,61710,4.1987
4.2579,4.4057,4.2184,87515,4.3663
4.4254,4.4254,4.2382,86640,4.2579
4.1593,4.2184,4.1199,140080,4.1396
4.1199,4.2184,4.0805,89370,4.1002
4.1199,4.2184,4.1002,85161,4.1199
4.1002,4.1593,4.0805,11037,4.1199
4.1002,4.1002,3.7651,70699,3.9129
3.9129,3.9129,3.6271,139759,3.6271
3.7059,3.7453,3.6468,101065,3.6665
3.6665,3.6665,3.2525,89394,3.292
3.3314,3.3314,2.878,393666,3.085
3.085,3.1047,2.9667,108719,3.0061
3.0258,3.0456,2.7794,117608,2.8386
2.878,2.878,2.4542,420768,2.5527
2.5527,2.7992,2.2275,706343,2.7992
2.8977,3.085,2.6809,578973,2.6809
2.7992,2.7992,2.5527,294724,2.5527
2.5527,2.6809,2.5527,109578,2.5725
2.6119,2.8189,2.5922,171687,2.6809
2.7006,2.947,2.6513,192352,2.878
2.947,3.0258,2.7597,306608,2.7597
2.7794,2.8189,2.6513,164415,2.7006
2.7203,2.74,2.6316,31969,2.74
2.74,2.8189,2.7203,63095,2.74
2.7597,2.8386,2.7203,95578,2.7597
2.8386,2.8386,2.7203,41978,2.7794
2.8189,2.8189,2.7203,42525,2.74
2.7203,2.74,2.6316,67962,2.7006
2.6809,2.6809,2.6119,62594,2.6513
2.6119,2.6809,2.6119,42830,2.6316
2.7203,2.7597,2.6119,131336,2.6119
2.6119,2.6119,2.5527,77223,2.5725
2.5133,2.5922,2.4049,110149,2.4936
2.5133,2.5527,2.4246,117050,2.5527
2.5725,2.6119,2.4936,84915,2.5922
2.5922,2.6513,2.5527,158146,2.6316
2.7203,2.7597,2.6119,188379,2.6119
2.6513,2.7006,2.6316,49859,2.6513
2.6513,2.7006,2.6513,35114,2.6513
2.7006,2.7203,2.5922,79693,2.5922
2.6316,2.6316,2.5922,21706,2.6316
2.6316,2.7794,2.5922,152256,2.7794
2.7794,3.085,2.7597,731416,3.0456
3.085,3.3314,2.8386,854495,2.8386
2.8583,2.9864,2.8583,226553,2.9667
3.0258,3.085,2.9667,128621,2.9864
3.0456,3.0653,2.9864,111514,3.0258
3.0456,3.154,3.0258,218492,3.154
3.2525,3.3117,3.1737,303172,3.2131
3.2722,3.2722,3.0653,260605,3.0653
3.0061,3.1934,2.9864,205548,3.1934
3.1737,3.2525,3.154,61141,3.1934
3.1934,3.2328,3.1244,81374,3.2131
3.2131,3.2525,3.154,59817,3.2328
3.2525,3.4595,3.2525,598472,3.4004
3.4004,3.4004,3.292,175763,3.3314
3.3807,3.4989,3.3807,239384,3.4989
3.6271,3.7453,3.6074,470507,3.6468
3.6074,3.6665,3.5384,310673,3.6074
3.5581,3.7256,3.5581,124421,3.6665
3.7256,3.9523,3.7059,257723,3.9129
3.9326,4.1396,3.9129,406394,3.972
4.0805,4.0805,3.5581,148280,3.8045
3.5581,3.6665,3.3511,275806,3.4398
3.5187,3.6271,3.4792,166072,3.6074
3.6665,3.7453,3.3511,217675,3.6271
3.5384,3.5384,3.3807,53706,3.3807
3.2722,3.3314,2.9667,140461,2.9667
2.7794,3.1934,2.7006,445535,3.1737
3.292,3.4595,3.1047,267948,3.292
3.3511,3.3511,3.292,56636,3.3314
3.292,3.3807,3.2722,16292,3.3117
3.292,3.3314,3.2525,16712,3.292
3.3314,3.3314,3.1047,26149,3.2131
3.085,3.1737,3.0061,40924,3.0653
3.0653,3.1047,3.0456,16254,3.085
3.0653,3.0653,2.9273,27970,2.9273
3.0061,3.0653,2.9273,30205,3.0061
2.9667,3.1934,2.947,33241,3.1934
3.3314,3.4595,3.2131,126675,3.2328
3.085,3.1737,3.0653,29314,3.154
2.9864,3.0456,2.9667,28770,3.0061
3.1047,3.1244,3.0061,31769,3.0653
3.0061,3.0258,2.878,49021,3.0061
3.1934,3.2131,2.9273,88479,3.085
3.0061,3.1244,3.0061,49026,3.0456
3.085,3.085,3.0258,10476,3.0653
3.085,3.085,2.9667,34963,2.9864
2.9667,3.0258,2.8386,66949,2.947
2.9667,2.9667,2.878,26399,2.9667
2.878,2.9273,2.8386,44844,2.8583
2.8583,2.8583,2.74,55315,2.7597
2.7203,2.8386,2.7006,38601,2.7992
2.8189,2.878,2.7794,53569,2.7794
2.7794,2.8583,2.74,64614,2.7597
2.7794,2.7992,2.7794,14459,2.7992
2.8583,2.8583,2.8583,2,2.8583
2.8583,2.878,2.7794,8700,2.878
2.8583,2.8583,2.7992,16205,2.8386
2.878,2.8977,2.8386,5625,2.878
2.7992,2.8977,2.7992,3813,2.878
2.878,2.9273,2.8386,15187,2.9273
2.8386,2.9273,2.8386,20696,2.9273
2.947,2.947,2.878,19032,2.878
2.878,2.8977,2.878,19365,2.8977
2.8977,2.9667,2.8386,8256,2.9273
2.9273,2.947,2.878,28233,2.8977
2.878,2.878,2.8386,51638,2.8386
2.7992,2.8386,2.7794,34513,2.8386
2.7992,2.8583,2.7992,22086,2.8386
2.7992,2.7992,2.7597,47394,2.7794
2.7597,2.7597,2.5922,53576,2.5922
2.6316,2.6316,2.2275,80934,2.3458
2.3458,2.4739,2.2275,113139,2.2472
2.2472,2.4049,2.2472,84621,2.3852
2.3655,2.5527,2.2866,29324,2.5133
2.5922,2.5922,2.4542,137498,2.4739
2.4542,2.4739,2.4049,78052,2.4739
2.4246,2.4542,2.3261,19547,2.3852
2.3458,2.3458,2.2866,16732,2.2866
2.4246,2.7597,2.3852,421103,2.7203
2.8583,2.9667,2.6809,560251,2.7006
2.7203,2.7203,2.4936,153604,2.6809
2.6316,2.7597,2.5922,52441,2.6316
2.6316,2.7794,2.6316,95430,2.6809
2.74,2.74,2.6513,41422,2.6513
2.6119,2.7006,2.533,33194,2.5922
2.5133,2.7006,2.5133,55694,2.7006
2.7006,2.74,2.6513,13431,2.6513
2.6119,2.6316,2.5725,22486,2.6119
2.5527,2.6119,2.5133,41891,2.5527
2.6119,2.6119,2.5133,43260,2.5133
2.5922,2.6316,2.5133,25904,2.5527
2.4936,2.533,2.4739,62720,2.4936
2.4936,2.5725,2.4739,25452,2.4739
2.4542,2.5133,2.4246,25275,2.4739
2.4739,2.4739,2.4049,37855,2.4739
2.4739,2.4739,2.4049,125230,2.4246
2.4739,2.533,2.4542,31461,2.533
2.5527,2.6119,2.5527,92282,2.5922
2.533,2.5922,2.5133,13808,2.5922
2.5922,2.6513,2.5922,75435,2.6119
2.6316,2.6316,2.5527,56777,2.5922
2.5725,2.5922,2.5527,39328,2.5527
2.5922,2.5922,2.5527,41230,2.5922
2.5922,2.5922,2.5527,27402,2.5527
2.5725,2.6809,2.5527,166077,2.6513
2.7006,2.7992,2.5922,117601,2.6119
2.6513,2.6513,2.5725,62113,2.6119
2.5922,2.6316,2.5725,13281,2.5725
2.5725,2.7006,2.5725,80760,2.7006
2.6513,2.7597,2.6316,230281,2.7203
2.7597,2.7597,2.6513,68430,2.7006
2.7006,2.7597,2.6316,146234,2.6316
2.8583,3.1737,2.8583,808611,3.0258
3.085,3.085,2.8977,181427,2.9273
2.9667,2.9864,2.7794,181966,2.7794
2.7203,2.8189,2.5527,194094,2.6316
2.6316,2.6316,2.5133,255821,2.533
2.5527,2.5725,2.4049,95860,2.533
2.533,2.533,2.4739,81024,2.5133
2.5133,2.5922,2.5133,69667,2.5725
2.5725,2.6119,2.533,32821,2.5527
2.5922,2.6513,2.533,109668,2.6316
2.6513,2.6809,2.5922,41487,2.5922
2.6316,2.6316,2.5725,23948,2.5725
2.6513,2.6513,2.5725,60802,2.6316
2.6513,2.7597,2.6513,254376,2.6513
2.7203,2.9273,2.7203,809396,2.74
2.7794,2.8386,2.74,460024,2.7597
2.7597,2.7992,2.74,107662,2.7597
2.7794,2.7992,2.6809,158114,2.7006
2.7203,2.7203,2.6316,135091,2.6809
2.6316,2.7597,2.6316,119320,2.74
2.74,2.7794,2.6513,104774,2.6513
2.6119,2.7006,2.6119,61457,2.6809
2.6513,2.7203,2.6513,48988,2.6809
2.6513,2.6809,2.6316,24458,2.6809
2.6513,2.6809,2.6316,28325,2.6513
2.6513,2.6809,2.6119,31856,2.6316
2.5922,2.6119,2.5725,36819,2.5922
2.6119,2.6316,2.5725,34657,2.6316
2.5922,2.6316,2.5725,56930,2.6119
2.6119,2.6809,2.5922,31859,2.6119
2.6513,2.6513,2.5725,35381,2.6316
2.6316,2.6316,2.5527,30579,2.5725
2.5922,2.5922,2.4936,44807,2.5527
2.5725,2.5725,2.4542,76842,2.533
2.5133,2.5922,2.4542,22940,2.5133
2.4739,2.5527,2.4739,51336,2.5133
2.4936,2.5133,2.4936,18859,2.4936
2.4739,2.533,2.4542,45016,2.5133
2.4739,2.5133,2.4739,52861,2.5133
2.5922,2.6119,2.533,70969,2.5527
2.5922,2.6316,2.5725,101483,2.6316
2.6316,2.6513,2.5922,41628,2.5922
2.5725,2.5922,2.533,28612,2.533
2.5133,2.5527,2.5133,41368,2.5527
2.5527,2.6316,2.5133,89798,2.533
2.533,2.7203,2.533,242965,2.7006
2.7006,2.7006,2.6316,157925,2.6513
2.6513,2.6513,2.6119,84809,2.6119
2.6316,2.6316,2.5725,47110,2.5922
2.5725,2.5725,2.533,41052,2.5527
2.5527,2.7203,2.5527,208030,2.6513
2.7006,2.7006,2.5922,100793,2.5922
2.6119,2.6119,2.5725,62614,2.5725
2.9273,2.9273,2.7794,877758,2.8583
2.7992,2.8189,2.6809,172617,2.7006
2.6316,2.6316,2.5725,99846,2.6316
2.6513,2.6809,2.6119,54530,2.6809
2.6119,2.6809,2.6119,47285,2.6513
2.6809,2.6809,2.5922,44538,2.5922
2.5922,2.6316,2.5922,14867,2.6316
2.6809,2.6809,2.6119,63825,2.6316
2.6513,2.6513,2.5922,66789,2.5922
2.5922,2.6119,2.5922,25527,2.5922
2.5922,2.6316,2.5922,24301,2.6119
2.5922,2.7203,2.5922,148214,2.6513
2.6809,2.6809,2.6119,82741,2.6119
2.6513,2.6809,2.6119,77529,2.6513
2.6316,2.8583,2.6316,415942,2.8583
2.9273,2.947,2.7203,512810,2.74
2.7597,2.7992,2.7203,92275,2.7794
2.8189,2.8583,2.7992,72319,2.8189
2.74,2.7992,2.7203,31568,2.7794
2.7597,2.7794,2.74,49794,2.74
2.7203,2.74,2.7006,48796,2.74
2.7006,2.7794,2.7006,10211,2.7794
2.7794,2.7794,2.74,9518,2.74
2.7006,2.7203,2.6513,65567,2.6513
2.6809,2.74,2.6809,72113,2.74
2.7597,2.7597,2.7203,11697,2.7597
2.74,2.7794,2.74,38062,2.7794
2.7203,2.7794,2.7203,16528,2.7794
2.7794,2.7794,2.7203,25862,2.74
2.74,2.7597,2.74,15904,2.7597
2.74,2.7794,2.74,45429,2.7597
2.7597,2.7992,2.74,50460,2.7992
2.8386,2.9864,2.8386,335656,2.9273
2.8977,3.0061,2.8583,274606,2.9864
2.9864,3.0258,2.8583,211414,2.8977
2.947,3.0061,2.8977,56126,2.9273
2.947,2.9667,2.8977,87850,2.8977
2.8977,2.8977,2.8386,69789,2.8583
2.8977,2.9667,2.878,151935,2.878
2.878,2.9864,2.878,111456,2.9273
2.947,3.085,2.947,291231,3.0456
3.1244,3.292,3.1047,326153,3.2722
3.3807,3.4792,3.292,643241,3.3511
3.3314,3.3511,3.1737,222521,3.3314
3.3807,3.4201,3.292,217236,3.292
3.292,3.3314,3.292,33212,3.3314
3.3314,3.3511,3.292,60535,3.3117
3.2525,3.2525,3.1737,76405,3.1934
3.2525,3.2722,3.1934,76994,3.2131
3.2722,3.3117,3.2131,120634,3.292
3.3511,3.4595,3.3314,312399,3.4595
3.4792,3.4989,3.4398,182325,3.4989
3.6468,3.7453,3.6468,378416,3.7256
3.7059,3.8242,3.5778,301844,3.7848
3.7453,3.9523,3.7453,322338,3.9129
3.9523,3.9523,3.7453,240325,3.7453
3.7453,3.8242,3.6271,496865,3.6665
3.6862,3.6862,3.4201,296601,3.4201
3.4792,3.4792,3.2525,216954,3.3511
3.4004,3.4595,3.4004,98932,3.4595
3.4792,3.4792,3.4004,81345,3.4398
3.4398,3.4398,3.3511,80293,3.3511
3.4201,3.5384,3.3807,145642,3.5384
3.5384,3.6074,3.4595,131346,3.4595
3.3807,3.4595,3.3511,45597,3.4595
3.4004,3.4595,3.3807,51973,3.4201
3.4398,3.4595,3.3511,49798,3.3511
3.3807,3.4201,3.3314,39962,3.4004
3.3511,3.4398,3.3511,19408,3.4201
3.4792,3.5384,3.4398,110348,3.4595
3.4989,3.4989,3.4398,44596,3.4595
3.4989,3.4989,3.4201,58358,3.4201
3.4201,3.4201,3.3807,46651,3.4201
3.4201,3.4595,3.3807,79249,3.4595
3.4595,3.6665,3.4595,184981,3.6665
3.6862,3.6862,3.5384,153681,3.5581
3.5384,3.6271,3.4792,402943,3.5187
3.5384,3.5581,3.4989,30718,3.5384
3.3807,3.4792,3.3807,102702,3.4595
3.3807,3.4201,3.3511,128292,3.3807
3.3807,3.3807,3.1934,251869,3.1934
3.1047,3.2131,3.0456,228168,3.2131
3.2131,3.3807,3.2131,317897,3.292
3.3117,3.3511,3.2722,53612,3.3117
3.3117,3.3117,3.2328,56762,3.292
3.2722,3.2722,3.2131,50430,3.2328
3.292,3.292,3.2131,23285,3.2525
3.2525,3.2722,3.2328,45900,3.2328
3.2131,3.2131,3.1737,141589,3.1737
3.2131,3.2722,3.1737,33800,3.2525
3.2722,3.3117,3.2525,36409,3.3117
3.3314,3.4595,3.292,179066,3.292
3.3314,3.4004,3.3117,35062,3.3314
3.3314,3.3314,3.3117,36590,3.3117
3.292,3.292,3.0653,596762,3.085
2.9667,3.0456,2.947,263841,3.0061
2.9667,3.0061,2.947,69681,2.9864
2.9864,3.0653,2.9864,63614,3.0061
3.0061,3.0653,2.9864,60998,3.0456
3.0258,3.0653,2.9864,119634,3.0456
3.0653,3.1244,3.0456,80415,3.0653
3.085,3.085,3.0456,44175,3.085
3.1244,3.1244,3.0653,59830,3.1047
3.085,3.085,3.0653,21767,3.085
3.0653,3.0653,2.9864,48080,3.0258
3.0456,3.0653,3.0061,28085,3.0258
3.0456,3.1737,3.0456,172411,3.154
3.154,3.292,3.154,159440,3.2328
3.2328,3.2525,3.1737,50321,3.2525
3.2328,3.2525,3.154,53022,3.154
3.154,3.1934,3.1244,11493,3.1934
3.1737,3.1934,3.1244,21942,3.1934
3.154,3.1934,3.154,25748,3.154
3.1934,3.2328,3.1244,138756,3.1737
3.2131,3.2525,3.1737,230512,3.1934
3.1244,3.1737,3.1047,100735,3.154
3.1737,3.1737,3.1244,101277,3.1244
3.1047,3.1244,3.085,17825,3.1047
3.1244,3.2131,3.1244,130719,3.1737
3.1737,3.1934,3.085,57005,3.154
3.1244,3.1934,3.1047,102464,3.1047
3.1244,3.1244,3.085,53365,3.085
3.085,3.2131,3.085,146663,3.1934
3.2131,3.3117,3.2131,202048,3.2722
3.292,3.292,3.2131,86886,3.2525
3.2525,3.2722,3.2131,53734,3.2722
3.2525,3.292,3.2131,97506,3.2722
3.2525,3.4989,3.2525,422160,3.4989
3.5581,3.5581,3.4004,416248,3.4398
3.4792,3.4792,3.2722,169071,3.3314
3.3314,3.3511,3.2722,78309,3.292
3.292,3.3807,3.292,74935,3.3511
3.3807,3.4201,3.3807,57341,3.4004
3.4201,3.4201,3.292,28270,3.3807
3.3314,3.4201,3.3117,49398,3.4004
3.3807,3.3807,3.3117,26775,3.3314
3.3314,3.3807,3.2722,117387,3.3511
3.4398,3.5187,3.3511,210957,3.3807
3.4398,3.4792,3.3511,150313,3.3807
3.4201,3.4398,3.3511,180625,3.4398
3.4595,3.4595,3.3807,105546,3.4004
3.3807,3.4595,3.3314,190907,3.4595
3.6665,3.7848,3.6271,719316,3.7453
3.8538,3.8735,3.6468,343696,3.6468
3.7059,3.7256,3.6271,235049,3.6271
3.7059,3.7848,3.7059,406187,3.7651
3.8045,3.8932,3.8045,782530,3.8242
3.8242,3.8735,3.7059,706246,3.7651
3.7848,4.4846,3.7453,1555053,4.3663
4.5733,4.7507,4.0312,2223173,4.0509
4.1396,4.1396,3.8045,1153047,3.8242
3.8932,3.9917,3.7651,997602,3.8538
4.0312,4.0805,3.7848,1269124,3.8538
3.9326,3.9326,3.8242,391685,3.9326
4.0115,4.2184,3.972,1000810,4.0115
3.9917,4.0312,3.7651,1009972,3.7848
3.8045,3.8932,3.6271,1404718,3.6665
3.7453,3.8538,3.6665,333255,3.7651
3.8735,3.8735,3.8045,307378,3.8045
3.8045,3.8538,3.7651,190601,3.8045
3.7453,3.8242,3.7453,199881,3.8045
3.8538,3.8538,3.7256,228403,3.7651
3.7651,3.7651,3.6665,149822,3.6862
3.6862,3.7453,3.6468,182484,3.7059
3.7453,3.7651,3.6862,264127,3.7059
3.7059,3.7453,3.6862,60760,3.7059
3.6862,3.7059,3.6271,121214,3.7059
3.7059,3.7059,3.5384,78442,3.5384
3.4989,3.5384,3.4398,95877,3.5187
3.5384,3.6468,3.5187,100575,3.5384
3.5384,3.5384,3.4398,93324,3.4398
3.4792,3.4989,3.4398,36532,3.4792
3.5187,3.5384,3.4595,47846,3.4989
3.4595,3.4792,3.3511,95874,3.3511
3.3314,3.3511,3.2722,89078,3.3117
3.3314,3.3807,3.3314,57603,3.3807
3.4004,3.4792,3.3807,68999,3.4792
3.4989,3.6862,3.4989,372734,3.5581
3.6271,3.6271,3.5187,108747,3.5384
3.5778,3.6665,3.5384,173291,3.6074
3.6271,3.7059,3.4201,523808,3.5187
3.5581,3.5778,3.4989,56949,3.5581
3.5778,3.6074,3.5384,59073,3.5384
3.5384,3.5778,3.4595,69548,3.5187
3.5581,3.6074,3.5187,156276,3.5384
3.5384,3.5384,3.4004,119315,3.4595
3.3807,3.4004,3.3314,150658,3.3314
3.3807,3.4004,3.3314,67019,3.3511
3.3511,3.3807,3.1737,97830,3.1934
3.154,3.2328,3.085,168553,3.1737
3.085,3.1244,3.085,47231,3.1244
3.1244,3.1737,3.1047,24053,3.154
3.085,3.2131,3.0653,41133,3.085
3.1047,3.154,3.0258,62791,3.0653
3.1244,3.1737,3.085,46468,3.1047
3.2131,3.2131,3.1244,30586,3.1934
3.1934,3.2131,3.1244,30345,3.1244
3.1244,3.1737,3.0456,63959,3.1047
3.1244,3.154,3.085,34145,3.085
3.085,3.085,2.9864,40938,3.0456
3.0456,3.085,3.0061,31422,3.0456
3.1244,3.1244,3.0258,40574,3.0456
3.0456,3.0456,3.0061,24677,3.0456
3.0653,3.085,2.9864,65912,3.0061
2.9864,3.0456,2.9864,26322,3.0258
3.0061,3.0456,2.9864,41490,3.0061
2.9667,2.9667,2.8386,109702,2.878
2.9273,2.9273,2.6119,116421,2.7203
2.6316,2.7203,2.5527,100652,2.7006
2.6513,2.7006,2.533,132038,2.5922
2.5527,2.7006,2.5527,89001,2.6513
2.6809,3.2722,2.5527,761744,3.2328
3.4595,3.5778,3.085,1798045,3.1047
3.154,3.1737,3.0061,129218,3.1047
3.085,3.085,3.0061,111709,3.0258
3.1244,3.1244,3.0061,181393,3.085
3.1244,3.4201,3.1244,604690,3.4201
3.4595,3.4792,3.2722,368484,3.3314
3.3314,3.3511,3.154,358822,3.292
3.2525,3.2722,3.2131,105286,3.2328
3.2131,3.3807,3.2131,289211,3.3314
3.3807,3.4989,3.3511,344241,3.4004
3.4595,3.4595,3.3511,168593,3.3807
3.3807,3.4201,3.3314,138273,3.3807
3.4201,3.4398,3.3807,129162,3.4004
3.4201,3.4398,3.3511,225300,3.3807
3.3807,3.4398,3.2525,153929,3.3314
3.292,3.292,3.2328,141761,3.2525
3.2722,3.292,3.1737,134904,3.1934
3.1934,3.2525,3.1934,91009,3.2328
3.2525,3.292,3.2328,100535,3.2328
3.2525,3.3117,3.2525,92756,3.2722
3.3314,3.3807,3.292,161398,3.3117
3.3314,3.3511,3.2525,43962,3.292
3.292,3.292,3.2328,73694,3.2722
3.2525,3.292,3.2328,41147,3.2328
3.292,3.292,3.2525,19897,3.292
3.3511,3.3807,3.292,166108,3.3807
3.4201,3.4201,3.3511,131630,3.4004
3.4201,3.5778,3.4004,454070,3.5581
3.6074,3.6862,3.5384,455955,3.5384
3.5384,3.5581,3.292,350802,3.3807
3.4004,3.4398,3.3511,327055,3.4398
3.4989,3.6665,3.4201,576651,3.5187
3.5778,4.0509,3.5581,2072773,4.0509
4.0312,4.1593,3.9129,888760,4.1593
4.2579,4.386,4.1199,901751,4.1987
4.3071,4.3071,4.0805,258512,4.1199
4.1396,4.5043,4.1396,933079,4.5043
4.593,4.6718,4.4451,479297,4.5043
4.5043,4.524,4.3269,317298,4.524
4.4846,4.6915,4.4057,337559,4.524
4.524,4.524,4.386,313609,4.5043
4.4648,4.524,4.4057,138407,4.4057
4.3269,4.3269,3.8045,722730,3.8538
3.6665,3.9326,3.6468,428635,3.8735
3.9129,3.9326,3.8538,236523,3.8735
3.9523,3.9523,3.8242,230651,3.8735
3.9129,3.9523,3.8538,179843,3.8932
3.8932,3.8932,3.8242,109401,3.8538
3.8538,3.8932,3.8045,180144,3.8538
3.8045,4.0312,3.8045,280513,3.8735
3.972,4.0115,3.8932,468996,3.972
3.9917,4.0805,3.9326,324961,4.0115
4.1002,4.2579,4.0805,1064202,4.1396
4.2382,4.3269,4.179,380692,4.179
4.1987,4.2382,3.9326,407562,3.9917
3.972,4.1199,3.8932,535671,4.1002
4.1593,4.2184,4.0805,374506,4.1199
4.1199,4.1593,4.0312,226157,4.0805
4.0805,4.2382,4.0805,520379,4.1593
4.1593,4.2382,4.1396,265956,4.2382
4.2776,4.593,4.2776,1293051,4.5043
4.5535,4.6127,4.1593,1078048,4.1987
4.1396,4.3466,4.1199,307683,4.2776
4.3269,4.4057,4.2579,286291,4.2776
4.4648,4.5043,4.4057,645046,4.5043
4.6127,4.6915,4.3466,1135530,4.5535
4.6127,4.6324,4.5043,536176,4.524
4.5535,4.5733,4.4451,514885,4.4846
4.4648,4.4846,4.4057,168114,4.4451
4.4846,4.6521,4.4254,866615,4.5535
4.5733,5.0069,4.5733,1480821,5.0069
4.9182,4.9379,4.8,747217,4.8394
4.8591,4.9774,4.731,446339,4.9379
4.8197,4.8985,4.731,513335,4.8394
4.8,4.9379,4.7802,352872,4.8985
4.9182,5.273,4.8788,808461,5.0464
5.0661,5.1646,4.8985,271225,5.0661
5.1843,5.2928,5.1646,530668,5.2336
5.3125,5.3125,5.0464,386621,5.0661
5.0069,5.0661,4.6718,659325,4.8394
4.8,4.8394,4.7112,200759,4.731
4.8,4.8394,4.731,131353,4.7802
4.8197,4.8394,4.6915,162965,4.7507
4.6915,4.7802,4.6521,178901,4.7112
4.7802,4.8788,4.731,298765,4.731
4.731,4.8985,4.7112,175134,4.8394
4.8985,4.8985,4.8394,88343,4.8394
4.8985,4.8985,4.731,88104,4.7802
4.7802,4.8197,4.7507,55832,4.7507
4.8197,4.8591,4.7112,150883,4.8394
4.8788,5.0858,4.8788,330837,4.9379
4.9577,5.0464,4.9182,257040,4.9577
4.9379,5.0069,4.8985,74656,4.9182
4.9379,4.9774,4.8985,43975,4.9577
4.9774,5.2336,4.9774,488621,5.1449
5.1449,5.1449,5.0661,268648,5.1252
5.1449,5.2041,5.1055,184779,5.1646
5.1646,5.411,5.0661,777347,5.3716
5.4505,5.5195,5.3519,358475,5.3716
5.411,5.4307,5.2928,326186,5.3913
5.3716,5.6574,5.3322,545741,5.5392
5.5589,5.5983,5.2041,338808,5.273
5.3125,5.3519,5.2533,131591,5.2533
5.2336,5.4505,5.1843,269962,5.3716
5.4307,5.5195,5.273,182885,5.3913
5.411,5.411,5.2928,90472,5.3519
5.2533,5.3322,5.1252,128902,5.1449
5.1449,5.1646,4.8985,182364,5.1449
5.2041,5.3125,5.2041,131169,5.2041
5.2533,5.2533,5.0266,168644,5.0464
5.0266,5.0266,4.8591,164187,4.8788
4.8591,4.9379,4.6127,296223,4.6127
4.3269,4.386,4.179,359524,4.3269
4.2776,4.3663,4.0805,360005,4.1396
4.1396,4.2579,4.1002,138107,4.1987
4.3269,4.3663,4.179,157556,4.179
4.179,4.2382,4.1593,81039,4.2184
4.1987,4.3071,4.1199,140484,4.179
4.2776,4.3466,4.2382,107933,4.3466
4.4451,4.5535,4.4451,219942,4.524
4.5733,4.5733,4.4451,116783,4.524
4.5535,4.5733,4.4451,79639,4.4451
4.524,4.524,4.4254,38407,4.4254
4.386,4.386,4.2382,65395,4.2776
4.2382,4.3663,4.2382,41164,4.3663
4.4451,4.4451,4.2776,81523,4.3466
4.3466,4.4648,4.3466,94864,4.3663
4.386,4.4451,4.3466,44091,4.4057
4.4451,4.4846,4.3663,85156,4.4648
4.4846,4.5733,4.4648,115852,4.524
4.524,4.524,4.4254,82870,4.4254
4.5043,4.5043,4.4254,49169,4.4254
4.5733,4.7112,4.5535,381316,4.6718
4.6915,4.6915,4.593,79599,4.6127
4.6521,4.6521,4.3269,248019,4.4254
4.4451,4.4648,4.386,39634,4.4254
4.3466,4.3663,4.3071,75832,4.3071
4.3071,4.3466,4.2776,56947,4.3269
4.3269,4.4057,4.3071,66653,4.3071
4.3071,4.3071,3.9326,174905,4.0115
3.9129,4.0509,3.8538,172256,3.972
4.0805,4.1199,3.972,77022,4.0805
4.1593,4.1593,4.1002,60092,4.1199
4.1593,4.179,4.1199,59986,4.1396
4.2184,4.3071,4.1987,105940,4.2776
4.2579,4.2579,4.1396,83635,4.179
4.2579,4.386,4.2579,129262,4.3269
4.3269,4.3269,4.2184,30195,4.2579
4.3071,4.3071,4.179,27716,4.179
4.1987,4.2382,4.1593,31398,4.1593
4.1593,4.1593,3.9917,72096,4.0509
3.9917,4.0509,3.9917,11442,4.0115
4.0312,4.1593,4.0312,35973,4.0509
4.0805,4.1199,4.0509,28634,4.0805
4.1002,4.1396,4.1002,9557,4.1199
4.1199,4.1199,4.0509,29464,4.0805
4.1002,4.1002,4.0115,32889,4.0805
4.0509,4.0509,3.972,52103,3.972
3.972,3.9917,3.8735,99066,3.9917
3.9129,3.9917,3.8538,45419,3.8735
3.8538,3.8538,3.6271,148630,3.7848
3.7651,3.8735,3.7059,69592,3.7848
3.7256,3.8045,3.7059,40438,3.8045
3.8242,3.9523,3.8242,80413,3.9326
3.9129,3.9129,3.8538,22131,3.8538
3.8045,3.8932,3.8045,18104,3.8242
3.8538,3.9129,3.8045,51553,3.8242
3.8045,3.8242,3.7651,27847,3.7651
3.7848,3.7848,3.7256,70017,3.7256
3.7256,3.7651,3.7256,17038,3.7651
3.7848,3.8045,3.7453,22595,3.7453
3.7453,3.7848,3.7256,29289,3.7453
3.7453,3.9917,3.7453,148518,3.9917
3.9917,4.0805,3.9523,129973,4.0115
4.0312,4.0805,3.9917,40408,4.0115
4.0115,4.0115,3.8932,59274,3.9129
3.8538,3.8932,3.7848,33414,3.8932
3.8735,3.8932,3.8242,179010,3.8242
3.8932,3.8932,3.7848,48756,3.7848
3.8242,3.8538,3.8045,24086,3.8538
3.8538,3.8735,3.8242,18010,3.8735
3.9129,3.9523,3.8242,15193,3.8932
3.8932,3.9129,3.8538,21368,3.8538
3.8242,3.9129,3.7651,69007,3.8932
3.9129,3.9917,3.8735,40936,3.9129
3.9129,3.9129,3.8242,65171,3.8242
3.8242,3.8735,3.8242,33496,3.8735
3.8538,3.9523,3.8538,41779,3.9523
3.9917,4.0115,3.9326,52478,3.9326
3.9326,4.1987,3.9326,232642,4.1987
4.2382,4.2382,4.1002,172515,4.2382
4.386,4.5043,4.3663,388892,4.4254
4.524,4.593,4.4254,241998,4.524
4.524,4.524,4.4057,79487,4.4648
4.4648,4.4648,4.3663,164594,4.4057
4.4451,4.4648,4.3466,76937,4.386
4.4648,4.4648,4.3466,43496,4.386
4.4057,4.5043,4.4057,122068,4.4648
4.524,4.524,4.4451,108094,4.4648
4.4648,4.4648,4.3663,48568,4.3663
4.4648,4.4648,4.386,59944,4.386
4.4254,4.4648,4.386,19491,4.4057
4.4451,4.4451,4.386,46684,4.4451
4.386,4.4451,4.3663,34531,4.4254
4.4057,4.4254,4.3663,32522,4.4254
4.4057,4.4451,4.3071,134469,4.3071
4.3269,4.3466,4.2382,69495,4.3071
4.386,4.4057,4.2776,67489,4.3663
4.3663,4.3663,4.3071,26226,4.3071
4.2776,4.3663,4.2776,58050,4.3663
4.386,4.386,4.3071,33736,4.3466
4.3071,4.3663,4.2776,60087,4.2776
4.3269,4.3466,4.2579,53382,4.2776
4.3466,4.3466,4.2579,41553,4.3071
4.3071,4.3269,4.2579,36741,4.3269
4.3269,4.3269,4.2382,36911,4.3071
4.3466,4.3663,4.2579,72057,4.3071
4.3269,4.3269,4.2382,86259,4.2382
4.2382,4.2382,4.1199,133310,4.1199
4.1199,4.1199,3.8735,110982,3.9917
3.972,3.972,3.8242,80903,3.9129
3.8242,3.8932,3.7651,106062,3.8932
3.8932,3.9523,3.8045,105553,3.8735
3.8735,3.8932,3.8045,49986,3.8242
3.8538,3.8735,3.8045,51749,3.8538
3.8932,3.9326,3.8538,69497,3.9326
3.9326,3.9326,3.8538,39115,3.8538
3.8735,3.9129,3.7651,64063,3.7651
3.7059,3.7453,3.6665,194871,3.6862
3.6271,3.7453,3.6271,65008,3.6468
3.6468,3.7256,3.6468,49738,3.6862
3.6468,3.6665,3.5384,51882,3.6468
3.5778,3.6271,3.5581,49131,3.6074
3.6271,3.8735,3.6271,108146,3.8242
3.8932,3.972,3.8045,123732,3.8932
3.8932,3.9917,3.8045,165986,3.9917
3.9917,4.0509,3.9326,81444,3.972
4.0115,4.0115,3.9129,39791,3.9523
3.9917,4.0115,3.8735,78445,3.8735
3.9129,3.9129,3.8242,26941,3.8735
4.0312,4.0312,3.9326,34793,3.9523
3.972,4.0312,3.9523,104992,4.0312
4.0312,4.0312,3.9523,33792,3.9523
3.972,4.0312,3.9523,47244,3.972
4.0312,4.0312,3.8932,41596,3.8932
3.8735,3.9326,3.8045,52809,3.8538
3.8538,3.9129,3.8242,52941,3.8932
3.8735,3.8932,3.8242,19817,3.8932
3.8932,3.8932,3.7651,88881,3.8045
3.8045,3.8242,3.7059,50833,3.7848
3.7848,3.7848,3.6862,56869,3.7059
3.7651,3.7651,3.6271,88627,3.6665
3.6665,3.7651,3.6665,28155,3.7651
3.7651,3.8045,3.7059,42148,3.7848
3.7651,3.8242,3.7059,29498,3.8045
3.8045,3.8242,3.7453,28915,3.7453
3.7453,3.7848,3.7256,107567,3.7256
3.7453,3.8538,3.7453,85705,3.8045
3.8735,4.0115,3.8735,251536,3.9523
3.9917,4.0312,3.9129,120669,3.9523
3.9129,3.9523,3.9129,82521,3.9523
3.9326,3.9523,3.8735,77765,3.9129
3.9129,3.9129,3.8242,39794,3.8538
3.8242,3.8932,3.8242,27980,3.8242
3.8242,3.8242,3.7651,67068,3.8242
3.8242,3.8735,3.7651,98130,3.8045
3.8242,3.8538,3.7848,75905,3.8045
3.8045,3.8242,3.7651,105689,3.8045
3.8242,3.9129,3.8242,136860,3.8932
3.9129,3.9917,3.8932,186138,3.9129
3.9523,3.9523,3.8045,129322,3.8242
3.8242,3.8735,3.7848,245648,3.8242
3.8242,3.8242,3.7651,45782,3.8242
3.8045,3.8242,3.7848,63546,3.7848
3.8045,3.8538,3.7651,104455,3.7848
3.8045,3.8045,3.6665,181570,3.6862
3.7256,3.8045,3.7059,95666,3.7848
3.8045,3.8045,3.7651,53131,3.7848
3.7651,3.8045,3.7453,23030,3.7453
3.8242,3.8242,3.7848,37191,3.7848
3.8045,3.8045,3.7651,23236,3.7651
3.7651,3.7651,3.6862,69577,3.7453
3.7453,3.8045,3.7059,57843,3.7256
3.7453,3.7848,3.7453,40705,3.7453
3.7651,3.8045,3.7059,65295,3.7256
3.7256,3.7256,3.6468,83614,3.6665
3.6665,3.7059,3.6468,70490,3.6468
3.6862,3.7059,3.6468,65060,3.6468
3.6468,3.6862,3.6271,56342,3.6665
3.7059,3.7059,3.6468,28718,3.6665
3.6468,3.6665,3.5384,60772,3.5778
3.6074,3.6074,3.4989,88517,3.5581
3.5778,3.5778,3.4792,66635,3.4792
3.3807,3.4004,3.3314,146643,3.3511
3.3314,3.3511,3.154,173516,3.154
3.154,3.4201,3.085,423676,3.4201
3.5384,3.5778,3.4201,228365,3.4792
3.4989,3.5384,3.4792,96409,3.4792
3.5384,3.5778,3.5187,63325,3.5384
3.5187,3.5581,3.4595,40222,3.4989
3.4792,3.5384,3.4792,54292,3.5384
