2.9408,3.1319,2.9408,1138969,3.0173
3.1395,3.1395,3.0173,168255,3.0783
3.0631,3.086,3.0173,78530,3.0554
2.9867,3.0554,2.9867,128747,3.0173
3.0478,3.0631,3.002,81093,3.0554
3.0249,3.0554,2.9867,74279,3.0249
3.0249,3.0249,2.9026,57919,3.0173
2.9485,2.9791,2.9255,39807,2.9715
2.9715,2.9791,2.9103,69872,2.9332
2.9026,2.9332,2.788,35086,2.9332
2.7958,2.9408,2.7958,70253,2.9408
2.9408,2.9408,2.8645,49510,2.8721
2.9026,2.9255,2.9026,61620,2.9255
2.9255,2.9255,2.8797,30718,2.9026
2.9026,3.0478,2.8875,88758,3.0478
3.0478,3.0935,2.9867,69062,3.0478
3.0478,3.0935,3.0402,108555,3.0554
3.0707,3.0707,3.002,42658,3.0554
3.0554,3.0554,2.8875,33949,2.8875
2.9408,2.9637,2.9026,10959,2.9561
2.9178,2.9561,2.9178,9638,2.9255
2.9255,2.9255,2.9026,6094,2.9255
2.9026,3.002,2.8797,32131,2.9944
3.0554,3.1319,2.9408,29435,2.9408
2.9408,3.0173,2.9103,17000,2.9103
2.9944,2.9944,2.9178,48674,2.9867
2.9867,2.9944,2.9103,16817,2.9791
2.9791,2.9944,2.9485,22440,2.9867
2.9867,3.0478,2.9791,69560,3.0478
3.0402,3.0478,3.0249,32837,3.0478
3.0478,3.0478,2.9791,115669,3.0478
3.0478,3.0478,2.8797,26258,2.9026
2.8263,2.9408,2.7958,19172,2.9178
2.9026,3.0478,2.9026,37087,2.9485
2.9026,3.002,2.9026,12369,2.9791
2.8416,2.9561,2.8416,40605,2.9408
2.9332,2.9791,2.9178,29448,2.9715
2.9791,2.9791,2.9715,15510,2.9715
2.9715,3.2081,2.9715,190486,3.1777
3.3228,3.3228,3.1548,85449,3.2081
3.2235,3.2539,3.1777,48242,3.2081
3.2081,3.5137,3.2081,118405,3.3992
3.3763,3.4984,3.2158,73325,3.4984
3.6589,3.7887,3.5978,204793,3.7887
3.8193,3.8881,3.7735,132004,3.7887
3.7964,3.8193,3.636,89213,3.8117
3.7887,4.0026,3.7887,109903,3.9797
4.1477,4.4379,4.0638,229222,4.4379
4.8122,4.8199,4.2241,151174,4.4608
4.4379,4.4608,4.2547,65975,4.3463
4.3387,4.5907,4.3005,38892,4.3234
4.3617,4.3617,4.102,39205,4.3157
4.2776,4.2776,4.0867,78476,4.1325
4.1706,4.2089,3.9797,89658,4.2013
4.27,4.27,3.9874,55735,4.1325
4.1477,4.2013,3.8423,33778,4.2013
4.2013,4.3617,4.1401,42267,4.3234
4.354,4.7435,4.354,82832,4.5831
4.5831,4.5907,4.4533,35363,4.5525
4.4608,4.5678,4.4533,49681,4.4761
4.4379,4.5373,4.4303,112008,4.4379
4.3998,4.4227,4.2471,51497,4.2624
4.3082,4.4227,4.2089,65085,4.2853
4.4456,4.7282,4.2853,290437,4.6594
4.7817,4.8199,4.5068,202216,4.6977
4.7358,4.7358,4.5143,55723,4.5831
4.4761,4.5907,4.4608,76634,4.5143
4.4761,4.8047,4.4761,222055,4.8047
4.8199,4.8505,4.7053,96263,4.7971
4.8276,4.8276,4.5373,50910,4.7817
4.629,4.7894,4.629,36381,4.7817
4.7435,4.7435,4.629,9232,4.7358
4.7358,4.7817,4.6365,13861,4.7741
4.9345,5.2019,4.9345,171472,5.1254
5.2936,5.3547,5.1636,73888,5.2324
5.1865,5.2324,5.1712,50347,5.2019
5.2248,5.4157,5.2019,74736,5.3547
5.4157,5.4998,5.3088,115762,5.3088
5.2782,5.3547,5.217,68199,5.3393
5.7366,5.7366,5.217,82387,5.3698
5.0491,5.7366,5.0491,63452,5.7137
5.7137,6.1184,5.7137,129257,6.0116
6.0344,6.0344,5.7977,66813,5.8741
5.897,6.1184,5.5991,232111,5.622
5.7366,5.8129,5.5533,48323,5.6143
5.4844,5.7366,5.4693,31608,5.4693
5.5839,5.897,5.5839,139222,5.7289
5.8129,5.8894,5.5839,83826,5.6983
5.8436,5.8436,5.6372,29216,5.7059
5.7059,5.7059,5.515,37205,5.6907
5.6829,5.6983,5.5455,66420,5.6983
5.6983,5.8511,5.6601,78007,5.6907
5.7366,5.8129,5.5379,73965,5.6372
5.5533,5.6372,5.3851,50203,5.4922
5.4386,5.5455,5.4006,41441,5.5073
5.5303,5.5839,5.3927,38735,5.5455
5.5379,5.5379,5.4157,26155,5.4615
5.4386,5.5379,5.3927,48661,5.3927
5.4922,5.7289,5.3851,63387,5.6907
5.7059,6.0498,5.3851,118520,6.0344
6.4241,6.8747,6.3095,217581,6.4852
6.4852,6.4852,6.1568,141916,6.233
6.1338,6.4241,6.1338,123594,6.3095
6.3476,6.4241,6.172,124902,6.4241
6.7295,6.7295,6.3171,115644,6.3325
6.3782,6.3782,6.0498,143052,6.1873
6.1184,6.1184,5.9123,69951,5.9123
5.8894,6.1184,5.8206,34970,6.0727
6.0803,6.0803,5.8816,24728,5.9427
6.1109,6.1109,5.8511,61870,5.9656
5.8511,6.2713,5.8358,62365,6.126
6.1184,6.1184,5.9656,45129,6.0421
5.8894,6.004,5.8129,42800,5.8129
5.8053,6.004,5.7366,40972,5.7442
5.9123,5.9123,5.6754,45170,5.6754
5.7747,5.8129,5.4844,58574,5.4922
5.4922,5.5913,5.4922,52754,5.5226
5.5991,5.8129,5.5913,50923,5.5991
5.7747,5.8511,5.4386,59292,5.7824
5.8053,5.8282,5.5991,18950,5.7518
5.8053,5.8053,5.5839,30092,5.5839
5.5455,5.7366,5.5455,28274,5.6983
5.6754,5.6829,5.515,45000,5.6601
5.6601,5.7366,5.6067,34865,5.6601
5.8436,5.9656,5.7747,50050,5.8587
5.7366,5.7366,5.431,72031,5.5455
5.5073,5.5073,5.3165,66106,5.431
5.5839,5.5913,5.3698,18100,5.4998
5.4693,5.622,5.3927,28809,5.5763
5.6143,5.6143,5.431,19040,5.431
5.5685,5.5685,5.3547,15273,5.4768
5.431,5.5455,5.4234,16740,5.5226
5.5226,5.5226,5.2782,18008,5.4463
5.2782,5.3547,4.9038,53696,4.9038
4.9727,4.9727,4.5602,112884,4.8276
4.881,4.9651,4.8122,42436,4.9422
4.9727,5.263,4.9727,19460,5.2248
5.1484,5.1484,4.8199,31529,5.0033
5.1179,5.1712,4.9267,30471,4.9267
5.0491,5.0491,4.8963,5387,4.9956
4.8199,4.9727,4.7053,88430,4.7588
4.5143,4.5143,4.0638,176232,4.1325
4.0638,4.3617,4.0638,108816,4.2547
4.3463,4.354,4.0561,29553,4.3157
4.1783,4.186,3.5366,120574,3.9339
3.7659,3.9568,3.5595,150468,3.6894
3.7659,3.7659,3.4068,115200,3.5672
3.1777,3.3533,2.6735,244497,2.8645
2.8568,3.0478,2.5436,206274,3.0325
3.0935,3.2388,2.8797,137023,2.9332
3.002,3.002,2.7499,44559,2.8338
2.8645,3.0249,2.7499,66602,2.9255
3.0402,3.1319,2.9944,68105,3.0325
3.0554,3.1624,3.0173,88664,3.1624
3.3992,3.3992,3.2464,117596,3.2693
3.2769,3.3305,3.0554,67878,3.1777
2.9103,3.1777,2.9103,74882,3.17
3.2464,3.3609,3.0173,56070,3.1777
3.2617,3.2617,3.086,32444,3.2081
3.3152,3.3533,3.2081,31476,3.2693
3.3305,3.8193,3.2235,123076,3.7583
3.7964,3.7964,3.4374,81269,3.4374
3.5137,3.552,3.3609,41024,3.4603
3.5137,3.552,3.1548,49380,3.3152
3.1395,3.3228,3.0554,57675,3.2081
3.2006,3.2847,3.1319,41646,3.2693
3.2693,3.2693,3.1624,23671,3.2693
3.3457,3.3457,3.1624,16325,3.2769
3.4374,3.4374,3.2081,35142,3.2617
3.2847,3.2847,3.1166,32708,3.2081
3.3076,3.3076,3.1011,44025,3.1319
3.2464,3.3609,3.17,52988,3.17
3.2006,3.2539,3.17,31114,3.2388
3.2006,3.2081,3.1319,20081,3.2081
3.17,3.2006,3.0554,20592,3.1624
3.1395,3.1395,3.0783,6433,3.1319
3.1011,3.1395,2.9791,39544,3.0935
3.0325,3.0935,3.0249,15509,3.086
3.0173,3.0249,2.9867,45066,3.0249
3.0249,3.0249,2.8645,29666,2.9408
2.9408,2.9791,2.8263,40037,2.9026
2.9103,2.9255,2.8338,38314,2.9026
2.9026,3.5137,2.9026,333559,3.4221
3.468,3.743,3.2081,220369,3.4755
3.4374,3.4374,3.3305,34317,3.3686
3.3763,3.3763,3.2464,24279,3.3533
3.4984,3.4984,3.3609,26196,3.3915
3.445,3.445,3.3763,10131,3.3763
3.3763,3.4297,3.2847,32431,3.3609
3.3533,3.3533,3.2081,53069,3.2235
3.1472,3.3533,3.1472,24017,3.2847
3.17,3.2769,3.1472,32171,3.2769
3.2464,3.3686,3.2464,32622,3.3076
3.3457,3.3457,3.2693,10836,3.2693
3.2847,3.2847,3.1319,12574,3.2464
3.2464,3.2539,3.17,10567,3.1929
3.1929,3.2464,3.1472,25232,3.1624
3.2006,3.2311,3.1319,26392,3.1548
3.1319,3.1319,3.0173,37935,3.0173
3.0249,3.1852,3.0249,20695,3.0554
3.1319,3.1319,2.9791,5301,3.0402
3.0402,3.1241,2.9408,59477,3.1241
3.0173,3.1241,2.9791,45551,3.0478
3.0402,3.0707,2.9791,35938,2.9867
2.5207,2.5972,2.2991,403922,2.4137
2.3679,2.3757,2.0242,190496,2.0624
1.9096,2.2075,1.9096,142262,2.1159
2.1387,2.1922,2.0013,48600,2.1006
2.1159,2.1617,2.0624,21347,2.1463
2.1541,2.2075,2.0776,32050,2.2075
2.2381,2.2381,2.1006,33268,2.177
2.2381,2.2381,2.0624,42239,2.1234
2.1846,2.1846,1.9936,27191,2.1159
2.0624,2.1387,2.0166,24181,2.0318
2.0318,2.0776,1.9784,28071,2.0624
1.986,2.0547,1.9096,45330,1.9249
1.9096,2.1312,1.7569,106249,2.0624
2.0701,2.0776,1.9479,47919,1.963
1.9936,2.0701,1.8332,40955,1.8332
1.8179,1.9784,1.8179,28583,1.9096
1.9402,2.0242,1.9096,16713,2.0242
2.0624,2.2075,2.0242,60241,2.2075
2.2152,2.4367,2.2152,85360,2.3298
2.3679,2.3679,2.1846,45494,2.1846
2.1693,2.1693,2.0318,13960,2.1312
2.1006,2.2304,2.0624,21986,2.1846
2.177,2.2533,2.1082,113463,2.1463
2.177,2.2381,2.0624,31087,2.2152
2.2152,2.3449,2.2152,77163,2.3449
2.3449,2.3449,2.1846,40074,2.322
2.177,2.2916,2.177,38411,2.2916
2.2916,2.2916,2.1387,12604,2.2075
2.2687,2.2687,2.0547,66803,2.1006
2.0624,2.0853,1.9936,38975,2.0242
1.879,2.0776,1.879,53176,1.986
2.0242,2.0624,1.9173,61260,1.9173
1.9096,1.9096,1.8332,156884,1.8561
1.8561,1.9019,1.8485,109394,1.8561
1.9784,2.0624,1.9096,40708,1.9402
1.9479,2.0013,1.9096,28698,2.0013
1.986,2.0394,1.8485,4672,2.0242
1.9707,1.9784,1.9096,14303,1.9784
2.0547,2.0547,1.8714,1767,1.9936
1.8485,1.9402,1.8103,19331,1.9173
1.8485,1.8943,1.8332,26723,1.879
1.8332,1.8332,1.7873,47410,1.8256
1.8027,1.8714,1.7645,21826,1.8256
1.8256,1.8714,1.7645,7998,1.8179
1.8103,1.8638,1.6881,28505,1.8103
1.7569,1.8103,1.7569,18932,1.7569
1.6193,1.8103,1.6193,54600,1.7569
1.8103,1.8485,1.7645,7922,1.8332
1.8409,1.9402,1.7722,8734,1.8332
1.7645,1.7722,1.7569,8215,1.7569
1.6957,1.8103,1.6805,44940,1.7569
1.7569,1.8332,1.711,10175,1.711
1.8179,1.8409,1.7569,42219,1.8332
1.8409,1.9096,1.8332,16400,1.8561
1.8332,1.8332,1.7873,3729,1.8256
1.8485,1.8485,1.795,23570,1.8409
1.9096,1.9096,1.8027,5562,1.879
1.8714,1.879,1.7645,12323,1.879
1.9019,1.9479,1.8103,34937,1.9019
1.9784,1.9784,1.8409,14728,1.9326
1.9096,1.986,1.8409,30608,1.9019
1.879,1.9019,1.8179,19458,1.9019
1.7569,1.8714,1.7569,28933,1.8714
1.9019,1.9555,1.8714,2250,1.9096
1.9402,1.9402,1.9096,13554,1.9096
1.9096,1.9707,1.8714,3914,1.9707
1.9707,1.9707,1.879,8536,1.879
1.963,1.963,1.8561,16101,1.9096
1.9096,1.9479,1.9096,31873,1.9096
1.9479,2.0089,1.9479,37195,1.986
1.986,2.0394,1.986,8994,2.0394
1.9936,2.0089,1.986,11477,2.0089
2.0624,2.1617,2.0166,45408,2.1159
2.0624,2.1312,2.0318,12220,2.1159
2.1387,2.1387,2.0089,23146,2.0089
2.0394,2.0394,2.0089,24272,2.0242
1.986,2.1006,1.986,7222,2.0013
1.9936,2.0853,1.986,17943,2.0394
1.9936,2.0242,1.9479,14302,1.9479
1.9096,1.9096,1.8256,5624,1.9019
1.8409,1.8943,1.8409,1584,1.8866
1.8332,1.9019,1.8332,2736,1.9019
1.9479,1.9479,1.8409,3966,1.8409
1.8409,2.0624,1.7569,35631,2.0624
2.0166,2.0166,1.9096,927,2.0166
1.986,2.0089,1.9096,19563,1.9784
1.9096,2.047,1.9096,63289,2.0394
2.0624,2.0624,1.9096,21613,1.9707
1.9326,1.9784,1.8409,8182,1.963
1.8714,1.9173,1.8332,36354,1.8485
1.8561,1.8943,1.8027,8433,1.8332
1.8332,1.9326,1.8103,2762,1.8866
1.8714,1.8866,1.8103,6978,1.8332
1.8332,1.8409,1.7798,38292,1.795
1.795,1.8485,1.795,18538,1.8485
1.8332,1.8866,1.8332,8182,1.8866
1.9096,1.963,1.8943,29498,1.8943
1.879,2.0089,1.879,25737,1.9479
1.795,2.0166,1.795,11563,1.9936
2.0089,2.2458,2.0089,119772,2.1922
2.2916,2.3298,2.0624,76079,2.1617
2.1463,2.1541,2.0624,13576,2.1312
2.2075,2.2152,2.1082,15302,2.1846
2.2152,2.2458,2.1541,32721,2.2075
2.2381,2.2381,2.1387,8265,2.1999
2.2152,2.2152,2.1006,37853,2.1846
2.1846,2.2228,2.1234,14165,2.1387
2.2075,2.2075,2.1159,1538,2.1846
2.1006,2.1006,1.9096,58668,1.9784
2.0624,2.0624,1.795,32744,1.9555
1.963,1.963,1.8638,9109,1.9019
1.963,1.963,1.8485,2326,1.9326
1.9249,1.9479,1.8332,16402,1.9096
1.879,1.8866,1.795,20950,1.8866
1.8866,1.8866,1.7645,5510,1.8332
1.7569,1.9096,1.7569,16463,1.8332
1.8714,1.986,1.8103,23969,1.9326
2.0853,2.0853,1.879,27711,1.9479
1.9096,1.9479,1.8332,15920,1.9402
1.9096,1.9096,1.8332,3334,1.8332
1.8714,2.047,1.8103,16554,1.9096
1.9326,1.9326,1.8332,127264,1.8638
1.8638,1.879,1.8103,3819,1.8714
1.8638,1.8638,1.8103,10056,1.8485
1.8179,1.8561,1.795,4111,1.795
1.8943,1.8943,1.795,3188,1.8256
1.8179,1.8256,1.7645,2019,1.8256
1.8179,1.8256,1.7798,9181,1.8256
1.795,1.795,1.7569,12717,1.795
1.8332,1.8332,1.7645,3667,1.8256
1.8638,1.8638,1.7645,30079,1.7645
1.8027,1.8027,1.6805,22433,1.7798
1.711,1.7798,1.6805,13211,1.7798
1.7798,1.8561,1.7263,1891,1.8179
1.8256,1.8256,1.7645,4452,1.8179
1.7645,1.8485,1.7645,1971,1.7722
1.8256,1.8256,1.7339,3965,1.7873
1.7186,1.8027,1.7186,1660,1.8027
1.7645,1.7722,1.7186,10656,1.7339
1.7798,1.7798,1.711,5792,1.7339
1.7873,1.7873,1.7186,1748,1.7493
1.7186,1.7415,1.6881,6612,1.7033
1.8027,1.8027,1.7033,1114,1.7722
1.7722,1.7722,1.7645,159,1.7645
1.7569,1.7569,1.6805,2902,1.6805
1.7415,1.7569,1.5887,5974,1.6728
1.5277,1.6805,1.5277,852,1.6575
1.5277,1.6957,1.5277,1697,1.6957
1.7645,1.7645,1.5658,4813,1.6041
1.6575,1.7569,1.4971,31266,1.5582
1.5429,1.5582,1.4131,22565,1.4437
1.4284,1.5277,1.3979,17765,1.4437
1.4284,1.5124,1.3368,8189,1.4513
1.4513,1.4513,1.4513,929,1.4513
1.4666,1.4666,1.375,9138,1.4437
1.4437,1.4513,1.3063,3142,1.4437
1.4437,1.4742,1.375,834,1.4437
1.375,1.4208,1.2375,41459,1.2679
1.2299,1.3368,1.2299,3872,1.3368
1.3368,1.3368,1.2679,8645,1.2986
1.2375,1.3139,1.2222,5445,1.2299
1.2909,1.2909,1.2528,2139,1.2679
1.2679,1.3139,1.2604,9238,1.2604
1.2604,1.2679,1.2604,2736,1.2679
1.2299,1.2986,1.2299,1761,1.2604
1.2604,1.2604,1.2604,523,1.2604
1.2604,1.3368,1.2604,9518,1.3139
1.3597,1.3673,1.2986,1132,1.3368
1.3597,1.3597,1.2222,7516,1.2604
1.2604,1.2986,1.2069,8856,1.2756
1.2986,1.2986,1.2604,3300,1.2604
1.2604,1.2604,1.2222,7195,1.2299
1.2909,1.2909,1.184,22124,1.2069
1.2069,1.2679,1.1305,6705,1.2375
1.2604,1.3673,1.2604,23625,1.3597
1.3597,1.4055,1.3063,15745,1.375
1.375,1.4055,1.375,1249,1.4055
1.4055,1.4055,1.3215,2642,1.3215
1.3292,1.3368,1.2222,2132,1.2986
1.2986,1.3368,1.2833,2097,1.2833
1.3368,1.375,1.3368,2023,1.375
1.3368,1.4055,1.2986,5748,1.3902
1.3902,1.4131,1.3368,19367,1.4055
1.4055,1.4055,1.2833,10063,1.4055
1.4131,1.4131,1.3292,8883,1.3368
1.2986,1.4055,1.1993,17486,1.2756
1.2375,1.2528,1.2222,20658,1.2528
1.2069,1.2299,1.1763,8996,1.2299
1.184,1.2604,1.184,6786,1.2375
1.2679,1.2679,1.184,6548,1.2222
1.2222,1.3139,1.2222,7257,1.2986
1.3063,1.3063,1.2604,5303,1.3063
1.3063,1.3368,1.2604,8527,1.3292
1.2909,1.459,1.2604,20365,1.4513
1.4361,1.4513,1.2986,5472,1.2986
1.4284,1.4284,1.3063,3148,1.3673
1.375,1.4208,1.2909,1704,1.3902
1.4131,1.4131,1.2833,9588,1.2909
1.3673,1.3673,1.2679,20041,1.3215
1.2756,1.3368,1.2375,31584,1.3368
1.3368,1.3368,1.2986,1610,1.3292
1.3215,1.3215,1.2375,127,1.3215
1.3215,1.375,1.3215,21925,1.3673
1.375,1.375,1.3215,5732,1.3597
1.375,1.375,1.2756,33279,1.3215
1.3215,1.3292,1.2986,10738,1.2986
1.352,1.352,1.2986,10708,1.3292
1.2833,1.3139,1.2451,20450,1.2986
1.2986,1.2986,1.2909,2749,1.2909
1.352,1.352,1.2833,12174,1.2833
1.2756,1.3292,1.2604,6730,1.3292
1.3368,1.3368,1.2679,4333,1.2986
1.2679,1.2679,1.2604,9506,1.2604
1.2604,1.3292,1.2375,1506,1.2986
1.2604,1.2604,1.1459,29759,1.2222
1.184,1.2222,1.1687,30177,1.1763
1.2146,1.2146,1.1459,3992,1.1535
1.184,1.2222,1.1687,6743,1.2069
1.2069,1.2222,1.1687,5262,1.1687
1.1687,1.1687,1.1076,6041,1.1687
1.1153,1.1535,1.1153,27084,1.1459
1.1305,1.1459,1.0922,15726,1.1459
1.1459,1.1459,1.0922,16217,1.0999
1.2222,1.2222,1.0771,44976,1.1459
1.0618,1.1076,1.0312,50891,1.0847
1.184,1.184,1.0694,20110,1.1153
1.1228,1.1459,1.1228,1964,1.1459
1.1459,1.1459,1.0999,943,1.1459
1.1076,1.1917,1.016,13715,1.1305
1.0542,1.1228,1.0236,9855,1.1228
1.016,1.1153,0.9243,23878,0.9932
1.0465,1.1076,1.0465,5865,1.0542
0.9932,1.0694,0.9091,71570,0.9854
0.9932,1.0542,0.9854,5161,0.9854
0.9932,1.0618,0.9932,6932,1.0618
1.0007,1.0618,1.0007,7568,1.0083
0.9166,0.9932,0.9091,26401,0.9932
1.0236,1.0236,1.0236,14,1.0236
1.0083,1.0083,0.9548,2895,1.0083
1.0389,1.0389,1.0389,25,1.0389
0.8861,1.0389,0.8861,10187,0.8937
1.0083,1.0083,0.8785,8153,0.9091
0.8861,0.9702,0.8861,5610,0.9014
0.8632,0.9932,0.8632,7560,0.9777
1.0312,1.0312,0.9166,13745,0.9319
0.9319,1.0312,0.9319,6684,0.9548
0.9932,0.9932,0.9319,6663,0.9319
0.9166,0.9932,0.9166,1329,0.9854
0.9548,0.9548,0.8097,212908,0.8403
0.8556,0.8708,0.7715,148101,0.825
0.8556,0.8556,0.7791,60200,0.7868
0.7639,0.8097,0.7409,43192,0.8097
0.8097,0.8479,0.7639,64757,0.8479
0.8097,0.8403,0.7945,71539,0.802
0.8174,0.8403,0.7945,95298,0.7945
0.7639,0.802,0.7258,22145,0.7945
0.8174,0.8403,0.7868,22695,0.8174
0.7715,0.825,0.7715,40320,0.802
0.8174,0.825,0.7791,15639,0.802
0.802,0.802,0.7562,1598,0.7945
0.7334,0.825,0.7334,15378,0.802
0.8174,0.8174,0.7562,12182,0.802
0.8403,0.8556,0.7639,81007,0.7945
0.8174,0.8174,0.7562,20780,0.7715
0.7562,0.7715,0.7334,11542,0.7715
0.7791,0.802,0.7562,11364,0.7715
0.7945,0.7945,0.7562,2480,0.7868
0.7639,0.7868,0.7486,8615,0.7486
0.7409,0.7562,0.7258,27052,0.7486
0.7334,0.8174,0.7334,191058,0.8174
0.7639,0.9091,0.7639,99859,0.8785
0.8937,0.8937,0.8174,17477,0.825
0.8403,0.9777,0.8403,143721,0.9472
0.9472,0.9854,0.9319,26995,0.9625
0.9932,1.0236,0.9625,55635,0.9932
1.016,1.0389,1.0083,73717,1.0312
1.0312,1.0389,0.9854,25023,1.0389
1.0007,1.0007,0.9396,86435,0.9854
0.9777,1.0312,0.9777,61238,1.0236
1.0312,1.0312,0.9625,36797,1.016
0.9854,1.016,0.9777,4636,0.9777
1.016,1.016,0.9625,10311,0.9777
0.9396,0.9854,0.9396,78103,0.9777
0.9854,1.0083,0.9472,14824,1.0083
1.0236,1.0236,1.016,8914,1.0236
1.0312,1.0465,1.0312,2639,1.0465
1.0618,1.0922,1.0618,22108,1.0694
1.0999,1.0999,1.0618,30990,1.0922
1.0999,1.1076,1.0542,51232,1.0771
1.0542,1.0771,1.0236,13696,1.0389
1.016,1.0771,1.016,7171,1.0618
1.0922,1.0922,0.9932,15320,1.016
1.0618,1.0618,0.9777,15303,1.0236
0.9932,1.0312,0.9932,5022,1.0312
1.0312,1.0389,0.9472,13156,0.9472
1.0083,1.0083,0.9396,13337,0.9854
1.016,1.016,0.9702,6010,0.9854
0.9932,1.0236,0.9777,73212,0.9777
1.016,1.0236,0.9777,42852,0.9777
1.0236,1.0312,0.9777,90037,1.0083
1.0465,1.0922,1.0083,50759,1.0922
1.0694,1.1763,1.0465,117301,1.1763
1.2146,1.2909,1.1459,75510,1.2146
1.2146,1.2604,1.1535,25534,1.2375
1.2756,1.3215,1.1687,54656,1.2069
1.184,1.2069,1.1228,43547,1.1612
1.1687,1.1687,1.0847,34023,1.1076
1.0694,1.1305,0.9472,101667,0.9472
0.9932,1.1535,0.9625,101735,1.1382
1.2146,1.2833,1.1917,103481,1.2756
1.2833,1.3292,1.1612,161668,1.184
1.184,1.2299,1.0999,96769,1.0999
1.0922,1.1687,1.0922,25764,1.1687
1.1459,1.1687,1.1228,59298,1.1459
1.0922,1.1687,1.0694,101070,1.1076
1.0465,1.1076,1.0083,59919,1.0236
1.0236,1.0465,0.9548,88483,0.9932
1.0312,1.0312,0.9702,50375,0.9777
0.9702,1.0083,0.9396,72370,0.9625
0.9854,1.0312,0.9396,33005,1.0236
1.0236,1.0922,1.0007,33884,1.0694
1.0618,1.0694,0.9932,19483,1.0618
1.0542,1.0847,0.9932,19375,1.0389
1.0389,1.0618,0.9548,19484,1.016
1.0312,1.0312,0.9548,69240,0.9548
0.9702,0.9702,0.9166,33207,0.9472
0.8937,0.9625,0.8937,25594,0.9319
0.9548,1.0007,0.9396,59101,0.9854
0.9932,1.0007,0.9396,41993,0.9777
0.9243,0.9777,0.9166,35465,0.9702
0.9548,0.9777,0.8937,35104,0.8937
0.9091,0.9319,0.8937,47709,0.9319
0.9548,0.9548,0.8785,32607,0.9319
0.9319,0.9396,0.8632,61828,0.9091
0.9091,0.9091,0.8708,58873,0.8861
0.8708,0.8708,0.8479,30184,0.8708
0.8632,0.9396,0.8632,5529,0.9014
0.9014,0.9548,0.8937,25734,0.9548
0.9472,0.9777,0.9166,24107,0.9548
0.9319,0.9548,0.9243,23172,0.9548
0.9777,0.9777,0.9166,14935,0.9319
0.9243,1.0618,0.9091,45872,1.0389
1.0999,1.1228,1.0847,72033,1.0999
1.0999,1.1382,1.0922,99603,1.1382
1.1305,1.1305,1.0694,50516,1.0847
1.1076,1.1459,1.0847,85214,1.1228
1.1228,1.1612,1.1076,131846,1.1305
1.1228,1.1612,1.0999,160317,1.1459
1.1612,1.2146,1.1535,88088,1.2146
1.2222,1.2528,1.1612,51144,1.2451
1.1993,1.2528,1.184,65363,1.2069
1.184,1.2222,1.1687,72881,1.2069
1.1687,1.2528,1.1459,227307,1.2528
1.2451,1.2756,1.1993,37603,1.1993
1.2528,1.3902,1.2069,219096,1.3063
1.3063,1.52,1.3063,461986,1.4131
1.4895,1.6346,1.4284,116507,1.5887
1.6422,1.7415,1.5353,196819,1.6652
1.6652,1.7493,1.6575,59686,1.7186
1.7873,1.7873,1.52,115434,1.6728
1.6805,1.6805,1.5277,61246,1.5277
1.6193,1.6805,1.4742,24977,1.6575
1.627,1.711,1.6193,61834,1.6957
1.7033,1.7186,1.6805,39404,1.7186
1.6422,1.7415,1.6422,84158,1.7339
1.7339,1.7493,1.711,24228,1.711
1.711,1.7263,1.6499,50192,1.7263
1.7493,1.8714,1.7493,70107,1.8714
1.8714,1.9096,1.8409,68323,1.9019
1.8714,1.986,1.7569,65448,1.986
1.9019,2.0166,1.8943,83471,1.9936
1.9249,2.1006,1.9249,71438,2.1006
2.1234,2.1463,2.0394,55484,2.0394
2.093,2.2458,2.0624,96026,2.1463
2.2152,2.2381,2.1387,267194,2.177
2.2152,2.2304,2.1387,183894,2.1999
2.1999,2.1999,2.0624,106991,2.1234
2.093,2.1387,2.0776,86653,2.1234
2.1541,2.1922,2.093,33900,2.1617
2.0242,2.1159,1.9936,52212,2.0242
2.0853,2.177,2.0701,65183,2.093
2.1312,2.1312,2.0776,35151,2.1006
2.177,2.177,2.0242,31774,2.0242
2.0242,2.0242,1.8332,103386,1.8485
1.8409,1.9096,1.8179,36196,1.8485
1.8179,1.8332,1.7493,37136,1.7798
1.8332,1.9096,1.8027,16547,1.8561
1.8638,1.8943,1.795,30164,1.8179
1.8624,1.8624,1.6448,43095,1.79
1.8256,1.8332,1.7722,27637,1.7798
1.7873,1.795,1.7186,22804,1.7569
1.711,1.711,1.6422,75520,1.6728
1.7339,1.7339,1.711,33351,1.711
1.7569,1.7645,1.711,51046,1.711
1.8943,1.8943,1.7798,26446,1.8179
1.8866,1.8943,1.8179,36217,1.8409
1.8866,1.9019,1.8866,13558,1.9019
1.8714,1.9096,1.8714,45532,1.9096
1.9096,1.9096,1.8714,28252,1.8866
1.8866,1.9096,1.8103,30754,1.8714
1.8332,1.8332,1.7873,18614,1.8027
1.8638,1.8638,1.7873,3314,1.8332
1.8409,1.8409,1.7186,34901,1.7263
1.8409,1.8409,1.711,50952,1.8027
1.7569,1.7873,1.6805,30110,1.7569
1.7569,1.7798,1.7263,13378,1.7798
1.6206,1.79,1.6206,7856,1.79
1.7255,1.79,1.7255,29031,1.7819
1.806,1.8142,1.7415,3723,1.8142
1.8142,1.9028,1.7577,35670,1.8222
1.7577,1.7577,1.6609,37595,1.6771
1.7577,1.7737,1.7173,7227,1.7737
1.7737,1.7819,1.7496,5865,1.7819
1.7658,1.7658,1.7415,6125,1.7415
1.6851,1.806,1.6609,10245,1.7737
1.7737,1.8544,1.6931,4338,1.8142
1.7335,1.8302,1.7335,8500,1.8302
1.7577,1.7577,1.7335,15988,1.7335
1.6609,1.6931,1.6529,10344,1.6529
1.7173,1.7173,1.6126,48543,1.669
1.6931,1.7013,1.6126,76895,1.6529
1.6206,1.6771,1.6126,55722,1.669
1.6367,1.6367,1.6126,10378,1.6126
1.6529,1.6609,1.6126,32579,1.6126
1.6206,1.6367,1.6126,19324,1.6126
1.6045,1.6126,1.5803,34770,1.5803
1.5885,1.6448,1.5321,21379,1.6367
1.6529,1.6771,1.5803,35416,1.6367
1.6367,1.6851,1.6367,6353,1.6851
1.6771,1.7173,1.6448,42844,1.7013
1.7013,1.7093,1.6448,23769,1.7013
1.6851,1.6851,1.6286,31168,1.6286
1.7093,1.7173,1.6206,33087,1.6771
1.6851,1.6851,1.6126,28129,1.669
1.6529,1.6529,1.6045,15182,1.6126
1.6126,1.7013,1.6126,31835,1.6931
1.7255,1.7255,1.6126,77045,1.6286
1.6367,1.6448,1.5965,21183,1.6448
1.6126,1.7093,1.6045,63267,1.7093
1.7173,1.806,1.7173,47902,1.7819
1.806,1.806,1.6367,21983,1.7255
1.7013,1.8383,1.7013,25034,1.7979
1.8383,1.8383,1.7415,15883,1.7658
1.7415,1.8302,1.7415,18445,1.79
1.8142,1.8142,1.7737,13817,1.806
1.7737,1.806,1.7415,12075,1.806
1.806,1.8383,1.7979,39610,1.8383
1.8544,1.8787,1.8302,40692,1.8787
1.9351,1.9351,1.9028,22836,1.9189
1.9189,1.927,1.8706,57887,1.8948
1.8706,1.8706,1.7255,32860,1.806
1.8142,1.8142,1.7658,25582,1.7737
1.7819,1.7819,1.7577,19189,1.7658
1.7577,1.7737,1.7496,11372,1.7658
1.7415,1.7415,1.6529,34525,1.6931
1.5321,1.6126,1.5321,25893,1.5723
1.6126,1.6126,1.5723,7181,1.6126
1.6206,1.6851,1.6206,5842,1.6609
1.6609,1.7577,1.6286,12749,1.7496
1.7658,1.8302,1.7335,14678,1.79
1.7819,1.79,1.7577,12607,1.7658
1.7737,1.7737,1.6286,14036,1.669
1.6771,1.7255,1.6529,2236,1.7255
1.6609,1.7255,1.6045,17357,1.6045
1.6126,1.7335,1.6126,22465,1.7335
1.7577,1.7577,1.6206,39759,1.6851
1.6609,1.6771,1.6286,17800,1.669
1.6529,1.6931,1.5643,62322,1.5965
1.5965,1.6448,1.54,65307,1.6126
1.6206,1.6367,1.5643,37846,1.6367
1.6367,1.6448,1.6206,17795,1.6367
1.6126,1.6529,1.6126,21050,1.6529
1.6771,1.6931,1.6448,21010,1.6609
1.6448,1.6851,1.6448,10809,1.6448
1.6529,1.806,1.6367,273601,1.7577
1.7819,1.7979,1.7173,69030,1.7173
1.7093,2.0641,1.7093,653054,1.8948
1.8544,1.9674,1.8302,122667,1.9189
1.9753,1.9995,1.8706,93795,1.9593
1.9915,2.2011,1.9915,95601,2.2011
2.1446,2.4189,2.1205,207594,2.4189
2.4189,2.6366,2.4027,195398,2.5478
2.5558,2.7011,2.5398,184139,2.5398
2.6042,2.8623,2.4673,175840,2.7011
2.6851,2.8059,2.5318,79976,2.7575
2.7897,2.8623,2.6769,65651,2.8623
2.8704,2.9994,2.8704,83516,2.9833
3.0237,3.1446,2.8623,201831,3.0397
2.9833,3.1203,2.9509,111653,3.0801
3.1203,3.1203,2.822,85628,2.8704
2.8301,2.8704,2.7171,110956,2.8623
2.8945,3.0558,2.7656,47515,3.0397
2.9188,3.0478,2.8623,107672,2.9833
2.9752,2.9752,2.9026,15362,2.943
2.943,3.0074,2.822,30875,2.9349
2.9188,3.0154,2.8059,159623,3.0074
3.0237,3.2252,3.0074,148938,3.1848
3.3704,3.3704,3.2332,83043,3.3461
3.3058,3.467,3.2412,34433,3.4026
3.3784,3.5478,3.3058,47543,3.5234
3.5234,3.5234,3.3704,30878,3.467
3.4348,3.5396,3.3219,100067,3.33
3.4268,3.4268,3.1848,38830,3.33
3.3058,3.338,3.2332,32958,3.33
3.33,3.3622,3.2494,31602,3.3622
3.3622,3.467,3.2655,21233,3.459
3.314,3.4993,3.3058,22229,3.3704
3.2976,3.3461,3.2332,17352,3.2332
3.0719,3.3704,2.822,58076,3.3219
3.3058,3.3058,3.209,3958,3.2735
3.2897,3.2897,3.1929,2759,3.2412
3.209,3.209,3.1848,2606,3.209
3.1767,3.1767,3.0638,12610,3.1203
3.0478,3.1446,2.822,16927,3.1446
3.1042,3.2252,2.9833,56076,3.2171
3.0478,3.3058,3.0478,42943,3.2011
3.1687,3.1687,3.1446,1341,3.1607
3.1446,3.5798,3.1446,137552,3.5798
3.6283,3.7089,3.467,38568,3.467
3.3704,3.6283,3.3704,20299,3.5557
3.5638,3.7089,3.5316,59673,3.6848
3.6283,3.7171,3.5396,60489,3.7171
3.7251,3.7251,3.4913,14926,3.5074
3.5074,3.5074,3.33,8335,3.4913
3.3541,3.4913,3.33,19963,3.4751
3.5316,3.5638,3.4268,9903,3.5154
3.467,3.5154,3.3864,6711,3.3864
3.3864,3.4268,3.3864,2486,3.4268
3.459,3.459,3.3058,2836,3.3864
3.2976,3.3784,3.2976,4620,3.3622
3.2655,3.338,3.1607,10762,3.2494
3.2252,3.3058,3.2252,15688,3.3058
3.2252,3.3864,3.2252,21162,3.3058
3.3541,3.3541,3.1848,35945,3.3461
3.2252,3.314,3.1446,11310,3.2655
3.1042,3.2816,3.0397,20303,3.0719
2.943,3.1446,2.943,9954,3.1283
3.1042,3.1767,3.1042,1761,3.1365
2.9188,3.0478,2.9026,9460,2.9026
2.9913,3.0154,2.9026,22603,3.0154
3.0962,3.2171,2.9833,21857,3.1687
3.338,3.338,3.1687,20277,3.2575
3.1767,3.33,3.1767,10774,3.33
3.1848,3.3058,3.1848,3627,3.2252
3.1929,3.2976,3.1365,16090,3.2897
3.314,3.314,3.1607,7814,3.2252
3.1526,3.209,3.1446,8129,3.209
3.1929,3.1929,3.1042,5496,3.1767
3.0801,3.2252,3.0638,24806,3.2252
3.2171,3.3704,3.1123,48403,3.3704
3.2252,3.4913,3.2252,79623,3.4509
3.3864,3.4832,3.33,35375,3.467
3.4751,3.4751,3.2494,66790,3.3704
3.2575,3.459,3.1687,22752,3.1687
3.1848,3.2332,3.1123,23659,3.2171
3.1123,3.1283,2.8945,116466,2.8945
2.8544,2.9509,2.814,26768,2.9268
2.8461,2.959,2.814,27609,2.8623
2.761,2.9157,2.761,3223,2.9157
2.9188,2.9673,2.7736,18206,2.9673
2.9026,3.0478,2.9026,8383,3.0154
2.9509,3.0154,2.9509,4271,3.0154
3.0154,3.0397,2.8623,19637,2.8785
2.822,2.8945,2.7415,15299,2.8945
2.7656,2.9188,2.7495,29754,2.7575
2.8704,2.8704,2.693,13552,2.7816
2.7897,2.838,2.7736,5623,2.822
2.6851,2.814,2.5478,45669,2.6527
2.5398,2.8544,2.4673,32001,2.838
2.6687,2.9673,2.6687,53189,2.9349
2.8059,2.9268,2.7575,10790,2.9026
2.822,3.0074,2.814,16852,3.0074
3.0074,3.0719,2.8945,75375,2.9833
2.9833,3.0719,2.838,34037,3.0397
3.0397,3.0719,2.822,33954,2.8301
2.9108,2.9108,2.7736,12219,2.8461
2.7736,2.8623,2.7575,8665,2.8623
2.8623,2.8945,2.7011,22720,2.7011
2.7091,2.814,2.7091,4615,2.7575
2.7575,2.8785,2.7575,19874,2.8785
2.8945,3.0154,2.7979,22412,2.9752
2.8785,3.0558,2.8785,20515,3.0558
2.8785,3.1446,2.8785,15029,3.1446
3.1687,3.1848,3.0638,18607,3.0638
3.1203,3.1203,2.9994,4322,3.0397
2.9349,3.0317,2.9108,4963,2.9188
2.943,3.1607,2.9349,25171,3.1607
3.0558,3.2252,3.0558,29622,3.2171
3.209,3.2252,3.1446,46943,3.2011
3.2252,3.2252,3.0962,29047,3.2011
3.1848,3.1929,3.1123,11052,3.1767
3.2171,3.2494,3.1607,44296,3.2412
3.2252,3.2494,3.1526,10950,3.2252
3.2412,3.2494,3.2252,9541,3.2412
3.2252,3.338,3.1767,53944,3.3058
3.2976,3.2976,3.0074,47530,3.1283
3.1446,3.1687,3.0074,9239,3.0638
3.0638,3.0638,2.822,128750,2.8623
2.9108,2.9268,2.8623,37892,2.8623
2.9188,2.9188,2.822,5086,2.9026
2.9026,2.9026,2.7252,91221,2.7252
2.7285,2.8261,2.6389,81318,2.8099
2.8059,2.9188,2.7011,38866,2.9188
2.8704,2.943,2.822,17099,2.822
2.5882,2.822,2.5882,37461,2.8059
2.7011,2.7011,2.5558,176246,2.5558
2.6123,2.6366,2.3624,135349,2.4834
2.3866,2.4349,2.177,378334,2.4349
2.3383,2.5721,2.314,159797,2.5398
2.5237,2.7091,2.5237,122456,2.7091
2.7333,2.8544,2.6205,162618,2.8544
2.7011,2.943,2.7011,146825,2.9349
2.8945,2.9994,2.8623,103900,2.9994
3.0074,3.1123,2.943,69209,3.1123
3.0317,3.2332,3.0317,131095,3.2171
3.2252,3.3058,2.9913,82790,3.0882
3.1845,3.1845,3.0216,35128,3.1438
3.0719,3.0882,3.0237,11943,3.0237
3.0237,3.0478,2.9108,12773,3.0478
2.8785,3.0478,2.8544,57859,3.0317
3.0397,3.0397,2.7656,52270,2.959
2.9401,3.1438,2.8995,45199,3.1356
3.0478,3.1365,2.9673,14061,3.0962
2.9509,3.1446,2.9509,38190,3.0397
2.8704,2.9026,2.7011,99883,2.7495
2.6607,2.7415,2.4913,179545,2.4913
2.4189,2.814,2.4189,158012,2.814
2.8461,3.0237,2.8059,83410,2.9994
2.9994,3.1283,2.9509,94314,3.1042
3.1042,3.1042,2.9994,17136,3.0638
3.0638,3.0962,2.9913,13474,2.9994
2.959,2.959,2.8461,42755,2.9188
2.9349,2.9509,2.8623,11383,2.8623
2.8059,2.9349,2.8059,21144,2.9349
2.8461,2.9268,2.822,10635,2.8865
2.822,3.0478,2.822,84404,3.0237
2.943,3.1929,2.943,109125,3.1687
3.1283,3.1687,3.0882,24631,3.1526
3.1526,3.1848,2.9994,71025,3.1042
3.1365,3.1365,2.9026,89685,3.0317
2.9833,3.0638,2.9833,19913,3.0317
3.0299,3.0543,2.8995,33821,2.989
3.0299,3.0299,2.818,63758,2.8669
2.8587,3.0705,2.8587,30220,3.0705
2.932,3.16,2.932,86627,3.1519
3.1356,3.2171,3.1031,85277,3.2171
3.2415,3.331,3.2089,73047,3.2904
3.2009,3.2904,3.2009,9479,3.2742
3.2742,3.2742,3.1764,24054,3.2742
3.2742,3.2742,3.1438,22319,3.2578
3.2333,3.2333,3.1031,12399,3.1031
3.1764,3.1764,3.0299,20753,3.1276
3.16,3.1764,3.0623,33408,3.1764
3.1682,3.1682,3.0948,4442,3.0948
3.0543,3.1764,3.0134,15348,3.1764
3.1356,3.1356,3.1031,2296,3.1356
3.1356,3.2415,3.1356,47333,3.2333
3.2415,3.2496,3.1764,13375,3.2415
3.1927,3.2333,3.0543,45533,3.2253
3.2253,3.2253,3.0543,245596,3.2171
3.2171,3.2578,3.2009,166812,3.2333
3.16,3.2415,3.0543,45979,3.1356
3.1696,3.2204,3.0593,23593,3.1356
3.2009,3.2171,3.1356,4003,3.1356
3.1764,3.1764,3.0134,28252,3.1031
3.1031,3.1031,2.8505,190045,2.8751
2.9157,3.0623,2.9157,38643,3.0299
2.9484,3.0379,2.9484,3214,3.0053
3.0053,3.0379,2.9076,37219,2.9566
2.9728,3.0623,2.9076,67911,3.0623
3.0461,3.0948,3.0461,5838,3.0867
3.0543,3.0543,2.9157,122287,2.9646
2.9646,3.0134,2.9646,9954,2.9646
2.9972,3.0053,2.9728,2203,3.0053
2.9646,3.0053,2.8505,142588,2.9157
2.9809,3.0134,2.932,34808,2.9972
2.989,3.0216,2.9566,18671,3.0134
2.9728,3.0134,2.932,42326,2.932
2.9809,2.989,2.8505,112204,2.9076
2.9076,2.9728,2.8505,108350,2.9728
2.9728,3.0705,2.9728,123829,2.9728
3.0299,3.0299,2.8913,162108,2.8913
2.9566,2.9646,2.8669,35773,2.9157
2.9484,2.9484,2.8343,72788,2.8913
2.8669,2.9076,2.8505,6018,2.9076
2.8995,2.9646,2.8505,101017,2.8587
2.8913,2.8913,2.6877,208810,2.704
2.761,2.8018,2.6062,375908,2.6551
2.7122,2.7122,2.5574,105553,2.5818
2.59,2.6551,2.5247,81803,2.6389
2.6551,2.7285,2.6062,20733,2.7285
2.704,2.704,2.5737,65137,2.6389
2.6225,2.6957,2.59,27231,2.6795
2.6062,2.704,2.5737,42791,2.704
2.6225,2.6714,2.6062,15434,2.647
2.647,2.6714,2.6144,10201,2.6225
2.6225,2.6551,2.59,9700,2.6551
2.647,2.647,2.59,17144,2.6389
2.6551,2.6551,2.598,15390,2.6389
2.6308,2.6308,2.59,11667,2.59
2.6144,2.7122,2.6144,42014,2.6714
2.6714,2.6714,2.6225,18759,2.647
2.6633,2.6877,2.6225,14237,2.6551
2.6551,2.6714,2.598,11543,2.6389
2.6389,2.6633,2.5574,19504,2.6633
2.647,2.6714,2.6308,11920,2.6633
2.661,2.6696,2.6187,7673,2.661
2.6551,2.6551,2.4923,61005,2.5247
2.5329,2.598,2.5329,31527,2.5818
2.5737,2.5737,2.419,206557,2.4433
2.4352,2.4923,2.2642,210483,2.2804
2.3049,2.3782,2.1583,188975,2.2967
2.37,2.4841,2.3619,96838,2.4597
2.5247,2.5247,2.4841,54600,2.4841
2.4923,2.5247,2.4514,86871,2.5167
2.5167,2.5167,2.3131,52824,2.476
2.4514,2.476,2.4108,38972,2.4678
2.476,2.476,2.4027,31492,2.419
2.3946,2.4108,2.3537,15331,2.4108
2.3375,2.419,2.2398,53667,2.3375
2.3375,2.3375,2.199,156397,2.2723
2.2723,2.3131,2.2071,31952,2.3131
2.3131,2.3131,2.248,24639,2.2723
2.2642,2.2804,2.2235,16190,2.2235
2.2235,2.256,2.1665,19649,2.2316
2.199,2.199,2.1583,25784,2.1746
2.1746,2.2398,2.1338,19099,2.2398
2.2398,2.3131,2.2153,33212,2.2642
2.2723,2.2967,2.256,11112,2.2723
2.2642,2.3049,2.2642,5207,2.3049
2.3131,2.3537,2.3131,4812,2.3375
2.3537,2.4108,2.3537,34176,2.4027
2.4108,2.427,2.3863,34934,2.4108
2.419,2.4352,2.3946,15763,2.4108
2.3863,2.3946,2.2723,4619,2.3863
2.3619,2.3863,2.3375,16811,2.3863
2.3782,2.3782,2.2804,16355,2.3619
2.3049,2.3537,2.3049,4129,2.3375
2.3457,2.3457,2.2967,10753,2.2967
2.2886,2.3131,2.2804,14016,2.2804
2.248,2.248,2.1827,21794,2.1909
2.1827,2.2398,2.1502,21104,2.199
2.1827,2.248,2.1827,6176,2.2398
2.2398,2.3619,2.2153,13403,2.2886
2.2316,2.2886,2.2316,5096,2.2886
2.2804,2.2967,2.2398,18197,2.2804
2.2804,2.2804,2.248,6693,2.2642
2.2642,2.2804,2.2398,19798,2.256
2.248,2.3049,2.248,22323,2.248
2.2458,2.2713,2.2204,10916,2.2713
2.2804,2.2804,2.2642,10770,2.2804
2.2804,2.3213,2.2642,19381,2.3213
2.3131,2.3619,2.3131,13802,2.3619
2.37,2.4027,2.3293,9855,2.3619
2.3619,2.3619,2.2804,19885,2.3049
2.2967,2.3213,2.2804,15059,2.2804
2.3049,2.3375,2.2642,23601,2.3293
2.3375,2.3457,2.3375,1317,2.3457
2.3457,2.3457,2.199,12524,2.2398
2.2235,2.2886,2.1338,36444,2.2153
2.199,2.199,2.1746,5268,2.1909
2.1827,2.1827,2.0606,52331,2.1094
2.1257,2.1257,2.0199,32920,2.028
2.0199,2.1094,1.9954,26249,2.0524
2.0524,2.0524,1.8732,68759,1.9873
1.9547,1.9628,1.8814,13491,1.9628
1.9547,2.0361,1.9547,20015,1.9954
1.9954,1.9954,1.9303,9551,1.9954
2.0117,2.0117,1.9384,7929,1.9547
1.9577,2.0169,1.9577,8940,2.0085
2.0117,2.1502,2.0117,37773,2.1502
2.142,2.199,2.0687,23816,2.1583
2.1338,2.1583,2.1257,11696,2.1502
2.1338,2.142,2.1094,7863,2.1094
2.1013,2.1583,2.085,7404,2.1013
2.0361,2.1502,2.0361,13683,2.085
2.1175,2.1175,2.0442,6647,2.085
2.0687,2.1013,1.9547,33729,2.0361
2.0199,2.028,1.9547,24155,2.028
1.9628,2.0687,1.9465,21643,2.0361
2.0199,2.028,1.9465,30380,1.9709
1.9465,2.0199,1.9465,4849,2.0199
1.9709,2.0199,1.9709,4235,2.0199
2.0199,2.0199,1.9792,9801,1.9792
1.9792,1.9792,1.9628,8600,1.9792
1.9628,1.9873,1.9628,11683,1.9873
1.9792,1.9792,1.9303,15251,1.9709
1.9709,1.9954,1.9384,15286,1.9709
1.9384,1.9465,1.8814,66802,1.8895
1.8052,1.9831,1.8052,12207,1.9831
1.9407,1.9831,1.9238,10803,1.9831
1.9831,1.9831,1.9661,3651,1.9831
2.0117,2.0117,2.0036,455,2.0036
1.9954,2.028,1.9954,3852,2.028
2.0199,2.0199,1.9222,6633,1.9222
1.9303,2.0036,1.9303,1597,2.0036
1.9222,1.9547,1.8325,59361,1.8977
1.8814,1.8977,1.8163,14735,1.8977
1.8651,1.9303,1.8651,3231,1.9303
1.8732,1.9222,1.8732,6756,1.8977
1.8407,1.9384,1.8407,8555,1.9384
1.8814,1.9222,1.8732,7625,1.9222
1.8732,1.9384,1.8407,18477,1.914
1.914,1.9465,1.8814,5712,1.8895
1.8814,1.8814,1.8325,18031,1.8732
1.8732,1.8732,1.7999,26846,1.8081
1.8325,1.8488,1.8081,11606,1.8488
1.8325,1.914,1.8244,13138,1.8651
1.8651,1.8651,1.8244,8475,1.857
1.8163,1.9303,1.8163,6720,1.8651
1.8163,1.9954,1.8163,28447,1.9384
1.8728,2.0254,1.8728,21264,2.0169
1.9873,2.2316,1.9628,66662,2.2316
2.2153,2.2642,2.1175,46152,2.256
2.256,2.256,2.1583,7311,2.2153
2.1665,2.2398,2.1338,16890,2.2316
2.1257,2.2316,2.1257,1289,2.2153
2.1338,2.2153,2.1338,3045,2.199
2.142,2.1827,2.142,4218,2.1746
2.199,2.2153,2.1257,20999,2.1909
2.1257,2.1909,2.1257,806,2.1909
2.1257,2.1909,2.1257,27,2.1909
2.1909,2.1909,2.0606,23813,2.0687
2.0606,2.1175,2.0524,2993,2.1175
2.0606,2.142,2.0606,455,2.142
2.0361,2.1338,2.0361,3849,2.0932
2.0361,2.142,1.9954,16092,2.0361
2.0036,2.0687,2.0036,7602,2.0687
2.0442,2.1094,2.0442,867,2.1094
2.0769,2.1257,2.0036,38854,2.085
2.0199,2.085,2.0199,4514,2.0199
2.0169,2.0169,1.9831,4965,2.0001
1.9709,2.0442,1.9628,7251,2.0442
1.9709,2.0606,1.9709,3148,2.0606
1.9873,2.0606,1.9873,380,2.0524
1.9873,2.1013,1.9873,37349,2.0932
2.0442,2.0524,1.9792,13651,1.9954
1.9792,2.0769,1.9792,3932,2.0361
2.0361,2.0361,1.9873,4155,1.9873
2.0199,2.0199,1.9792,3138,2.0199
1.9709,2.0117,1.9384,1780,2.0117
1.9465,1.9465,1.8895,8853,1.9222
1.8895,2.0117,1.8895,4243,1.9873
1.9831,1.9831,1.9831,430,1.9831
1.8977,1.9873,1.8895,3818,1.9384
1.8977,1.9792,1.8814,10656,1.8895
1.9465,1.9709,1.9465,2615,1.9709
1.914,1.9709,1.914,14,1.9709
1.9709,1.9709,1.9709,1875,1.9709
1.9792,1.9792,1.8895,21864,1.9709
1.9303,1.9954,1.9303,9055,1.9873
1.9384,1.9792,1.9384,4357,1.9384
1.9323,1.9747,1.9323,2904,1.9661
1.9628,2.0117,1.9547,4668,1.9954
1.9954,2.1909,1.9954,13408,2.1909
2.1187,2.161,2.0848,12418,2.1526
2.1338,2.1583,2.1175,3092,2.1502
2.1175,2.142,2.1175,995,2.142
2.0524,2.142,2.0524,504,2.142
2.1094,2.1338,2.085,1890,2.1257
2.0509,2.1187,2.0424,638,2.1187
2.0524,2.0932,1.9873,1541,2.0932
2.0199,2.0932,2.0199,1713,2.0442
1.9628,2.0606,1.9628,7230,1.9792
2.1094,2.1094,2.1094,13,2.1094
1.9709,2.085,1.9709,4850,2.085
1.9873,2.0687,1.9873,1141,2.0606
1.9792,2.0769,1.9792,5305,2.0199
2.0361,2.1013,2.0361,9433,2.085
2.0339,2.1018,2.0339,3077,2.0933
2.0932,2.1502,2.0036,6330,2.142
2.0339,2.1442,2.0339,6073,2.0339
2.0339,2.1187,2.0339,3647,2.0763
2.0763,2.1102,2.0339,4993,2.0593
2.0606,2.1094,2.0199,2542,2.1094
2.1187,2.1187,2.0339,9860,2.0763
2.0509,2.0679,2.0169,4400,2.0679
2.0169,2.0763,1.9831,8664,2.0763
1.9831,2.0339,1.9747,8143,2.0169
1.9747,1.9831,1.9323,16168,1.9831
1.8814,1.9577,1.8644,22847,1.8814
2.0339,2.0339,1.8644,8164,1.8728
1.9661,1.9661,1.8306,2586,1.9492
1.9492,1.9492,1.856,2422,1.9492
1.9323,1.9323,1.9238,1888,1.9323
1.8898,1.9323,1.8898,2153,1.9323
1.8644,1.9153,1.8306,2386,1.9153
1.8644,1.9153,1.8306,6148,1.9153
1.9407,1.9407,1.8391,1679,1.9153
1.8391,1.9238,1.8221,4213,1.8644
1.8644,1.9068,1.7203,11359,1.8983
1.8898,1.8898,1.7542,63478,1.7542
1.7712,1.7797,1.6187,84065,1.6441
1.6441,1.695,1.6187,27604,1.695
1.6526,1.7288,1.6101,52189,1.6696
1.6696,1.7373,1.6696,4154,1.678
1.6611,1.7203,1.6611,8052,1.7203
1.695,1.695,1.678,808,1.695
1.678,1.695,1.678,3463,1.678
1.695,1.695,1.678,635,1.6865
1.6611,1.6611,1.6271,8075,1.6526
1.6441,1.6441,1.6101,4084,1.6441
1.6356,1.6865,1.6101,2098,1.6865
1.6101,1.6865,1.6101,1003,1.6865
1.6865,1.6865,1.6865,118,1.6865
1.6101,1.6865,1.6101,2970,1.6865
1.6271,1.6865,1.6271,2450,1.6865
1.6101,1.6696,1.5763,12431,1.6696
1.5763,1.6526,1.5763,3374,1.6441
1.6441,1.6441,1.6441,23,1.6441
1.5763,1.6271,1.5763,2902,1.6271
1.5509,1.6101,1.5509,1060,1.5594
1.5594,1.6187,1.5509,3786,1.6017
1.5509,1.6187,1.5339,3401,1.5847
1.5678,1.6017,1.5678,3775,1.6017
1.5594,1.6017,1.5594,554,1.6017
1.5594,1.6017,1.4915,12607,1.517
1.5001,1.5678,1.4915,6522,1.5255
1.4915,1.5255,1.4915,1668,1.5255
1.4915,1.4915,1.4069,11749,1.4069
1.4069,1.5001,1.3899,4570,1.4746
1.3899,1.4915,1.356,1854,1.4576
1.3729,1.4406,1.3729,2501,1.4406
1.3729,1.3729,1.3475,14275,1.356
1.356,1.4746,1.356,8052,1.4406
1.356,1.4492,1.356,2218,1.4492
1.356,1.4406,1.356,9151,1.4406
1.3984,1.4322,1.3644,1164,1.4322
1.3729,1.4238,1.3306,1071,1.4238
1.3475,1.4322,1.3136,29858,1.3729
1.3136,1.3644,1.3136,380,1.356
1.2711,1.356,1.2204,12800,1.356
1.2544,1.3475,1.2544,1953,1.2797
1.2374,1.2711,1.1865,34481,1.2034
1.1017,1.2119,1.0679,6550,1.0848
1.0848,1.0848,0.9746,21248,1.0593
1.0848,1.0848,1.0339,23415,1.0339
0.9577,1.0763,0.9577,14471,1.0763
1.0339,1.1949,1.0339,51064,1.1949
1.1949,1.339,1.1356,18938,1.339
1.2627,1.356,1.2627,17535,1.356
1.2711,1.3729,1.1949,90186,1.3729
1.2797,1.5255,1.2797,16684,1.5255
1.5255,1.6526,1.4831,32167,1.6526
1.6441,1.7034,1.6101,141477,1.6865
1.5933,1.7458,1.5933,70083,1.7458
1.7458,1.8644,1.6865,57057,1.8644
1.8644,1.9661,1.8052,80132,1.9153
1.9492,2.0848,1.9153,80245,2.0763
2.1102,2.1442,1.9068,67163,1.9407
1.9407,1.9407,1.678,68026,1.6865
1.6696,1.7712,1.6441,32854,1.7712
1.7034,1.7712,1.6696,27501,1.6696
1.678,1.7288,1.6441,42431,1.695
1.6865,1.7288,1.5339,106476,1.6101
1.6187,1.6187,1.517,83176,1.517
1.6441,1.6441,1.5847,2537,1.5847
1.6271,1.6441,1.6271,708,1.6441
1.5425,1.7373,1.5425,37038,1.7203
1.7119,1.8136,1.6526,26984,1.8136
1.7288,1.9407,1.7119,27419,1.8983
1.9068,2.0169,1.8136,38476,1.9407
1.8475,2.0085,1.8475,13592,1.9492
1.9492,1.9831,1.7203,91061,1.8136
1.7119,1.8475,1.695,20419,1.695
1.678,1.678,1.517,60134,1.6017
1.4831,1.6017,1.4831,7469,1.5933
1.5933,1.6017,1.4831,7142,1.6017
1.5425,1.5425,1.4915,10844,1.5425
1.5509,1.6101,1.5509,4737,1.6101
1.6101,1.6101,1.6101,3068,1.6101
1.5339,1.5678,1.4492,23181,1.5594
1.5001,1.5509,1.4831,3431,1.5425
1.5425,1.5425,1.5425,316,1.5425
1.4069,1.5085,1.3814,80041,1.3814
1.3984,1.3984,1.2458,59870,1.2711
1.339,1.339,1.1949,64406,1.2544
1.2711,1.3814,1.2374,18230,1.356
1.4238,1.4238,1.2797,14320,1.2797
1.2711,1.2711,1.1525,35735,1.2711
1.2288,1.2797,1.2204,15628,1.2627
1.2119,1.2374,1.1611,18262,1.2374
1.2034,1.2544,1.1695,10222,1.2544
1.1695,1.2034,1.1525,37622,1.1865
1.1525,1.2119,1.1186,62887,1.178
1.1271,1.1525,1.1017,39193,1.1356
1.0763,1.1695,1.0763,7874,1.1611
1.1695,1.1695,1.1186,19290,1.1611
1.1695,1.2119,1.1525,8606,1.1611
1.1611,1.1611,1.1102,24589,1.1441
1.1611,1.2119,1.1186,17025,1.2119
1.2458,1.2627,1.2119,9899,1.2627
1.2288,1.2627,1.1525,52908,1.1695
1.1695,1.1865,1.0848,62217,1.1017
1.0933,1.1102,1.0848,11122,1.0848
1.1017,1.1695,1.1017,19231,1.1356
1.1441,1.1865,1.1441,17368,1.1441
1.1271,1.1611,1.1271,5074,1.1356
1.1441,1.1865,1.1271,25467,1.1271
1.1611,1.1611,1.1611,59,1.1611
1.1695,1.1865,1.1695,33039,1.1865
1.1865,1.1865,1.1525,4401,1.178
1.1865,1.1865,1.1611,4263,1.1611
1.1441,1.1441,1.1102,6325,1.1356
1.1102,1.1271,1.0848,14672,1.0933
1.1017,1.1017,1.1017,1770,1.1017
1.1102,1.1102,1.1102,826,1.1102
1.1017,1.1441,1.1017,6477,1.1441
1.1102,1.1525,1.1102,4011,1.1525
1.1525,1.1611,1.0933,6780,1.1525
1.1186,1.1525,1.1017,9030,1.1525
1.1102,1.1525,1.1102,1408,1.1441
1.1525,1.1525,1.1017,5731,1.1102
1.0933,1.1441,1.0933,2100,1.1441
1.1271,1.1271,1.0848,8260,1.0848
1.1356,1.1356,1.1356,259,1.1356
1.0933,1.1356,1.0933,3138,1.1356
1.0763,1.1356,1.0763,238,1.1356
1.1271,1.1271,1.1271,1180,1.1271
1.0763,1.1186,1.0763,7318,1.1186
1.0763,1.0763,1.0254,4897,1.0763
1.0424,1.0763,1.0424,1240,1.0763
1.0763,1.1017,1.0763,6962,1.0933
1.0763,1.1356,1.0679,11092,1.1356
1.0933,1.2034,1.0933,17518,1.2034
1.1102,1.1271,1.0848,14030,1.0848
1.1441,1.1441,1.0593,12646,1.0593
1.0593,1.0593,1.0593,13,1.0593
1.0254,1.1017,1.0254,3540,1.1017
1.1017,1.1017,1.1017,944,1.1017
1.0593,1.0593,1.0593,354,1.0593
1.0679,1.0679,1.0085,10796,1.0679
1.0848,1.1356,1.0848,8280,1.1271
1.0763,1.1441,1.0763,10690,1.1271
1.0848,1.0848,1.0848,17581,1.0848
1.0848,1.1102,1.0593,4614,1.1102
1.0593,1.1102,1.0593,2123,1.1102
1.1186,1.1356,1.1186,2517,1.1356
1.1356,1.1356,1.1017,8286,1.1017
1.0848,1.0848,1.0593,23160,1.0679
1.0679,1.1271,1.0593,11778,1.1271
1.0933,1.1356,1.0679,8753,1.0679
1.0763,1.0848,1.0763,14858,1.0763
1.1017,1.2119,1.0933,57332,1.1695
1.1695,1.1695,1.1271,67651,1.1441
1.1441,1.1611,1.1356,11747,1.1441
1.1441,1.1525,1.1017,34734,1.1271
1.1186,1.1611,1.1186,5310,1.1441
1.1611,1.3475,1.1611,121615,1.3475
1.339,1.4406,1.339,107348,1.3899
1.3899,1.3899,1.2544,61320,1.3051
1.3136,1.356,1.2881,11885,1.3136
1.2881,1.3814,1.2881,15048,1.3814
1.3306,1.3306,1.3136,7432,1.3136
1.2881,1.2966,1.2374,18666,1.2881
1.2627,1.356,1.2458,27156,1.356
1.356,1.3984,1.3051,23485,1.3984
1.356,1.3899,1.356,15147,1.3899
1.356,1.3729,1.3136,13482,1.3729
1.3136,1.4746,1.3136,75574,1.4238
1.4238,1.4238,1.339,30982,1.3729
1.356,1.4069,1.3051,21442,1.3899
1.322,1.322,1.2711,196425,1.2711
1.2797,1.3051,1.2627,33226,1.2627
1.2711,1.2711,1.2458,11563,1.2627
1.2627,1.2627,1.2204,4089,1.2458
1.2458,1.2797,1.2374,5310,1.2544
1.2881,1.2966,1.2034,21319,1.2374
1.2034,1.2288,1.1695,25835,1.2204
1.1865,1.2544,1.1865,11127,1.2544
1.2544,1.2544,1.1865,10432,1.2288
1.2544,1.2544,1.2544,13,1.2544
1.1949,1.2288,1.1865,1204,1.2288
1.1865,1.2544,1.178,9096,1.2544
1.2034,1.2458,1.1865,15736,1.2458
1.2034,1.2288,1.1949,4489,1.2288
1.1865,1.2288,1.1865,1290,1.2288
1.2288,1.2544,1.2288,6395,1.2544
1.2034,1.2458,1.2034,1227,1.2458
1.2034,1.2374,1.1949,4165,1.2204
1.2374,1.2458,1.1949,5227,1.2458
1.1949,1.2374,1.1865,13438,1.2288
1.1865,1.2204,1.1695,4071,1.2204
1.1695,1.2119,1.1271,4685,1.2034
1.1271,1.178,1.1017,22662,1.1441
1.1102,1.1525,1.1017,10963,1.1525
1.1271,1.1695,1.1271,2405,1.1695
1.1271,1.1695,1.0679,12485,1.1695
1.0763,1.1611,1.0679,1358,1.1525
1.0848,1.1525,1.0763,486,1.1525
1.1525,1.1525,1.0848,11479,1.1271
1.1271,1.1611,1.0933,5794,1.1525
1.1271,1.1271,1.0763,2435,1.1271
1.0679,1.0763,1.0085,71052,1.0085
1.0424,1.0593,1,11269,1.0593
1.0424,1.0933,1.0424,9458,1.0848
1.0848,1.0848,1.0424,2525,1.0763
1.0763,1.0933,1.0593,25605,1.0848
1.0933,1.0933,1.0933,5,1.0933
1.0933,1.1017,1.0339,12426,1.0848
1.0763,1.0763,0.983,3029,1.017
0.983,1.0593,0.983,1081,1
1.0085,1.0254,0.983,3630,1.0254
1.0593,1.0593,0.9746,9277,1.0509
1.0085,1.0593,0.9746,14910,1.0339
0.983,1.0254,0.9746,2943,1.0254
0.9746,1.0254,0.9661,6861,1.0254
1.0254,1.0254,1,5252,1.0254
1.017,1.017,1,3034,1.0085
1,1.0339,0.9661,14227,1.0339
0.9916,1.017,0.9916,1216,1.017
1.0085,1.017,0.9492,19796,0.9916
1.0085,1.0085,1.0085,236,1.0085
1.0085,1.0085,0.9322,6642,1.0085
0.9322,1.0085,0.9322,7495,1.0085
0.9407,1.0085,0.9407,395,1.0085
0.9407,1,0.9153,3800,0.9916
0.983,0.9916,0.983,1770,0.9916
0.9746,0.983,0.9577,10986,0.983
0.9153,0.9153,0.9153,1,0.9153
1,1,0.9746,245,0.9746
0.9916,0.9916,0.983,829,0.983
0.9916,1.0085,0.9916,34006,1.0085
1.017,1.1102,0.9746,25582,1.1102
1.1017,1.1017,1.1017,13,1.1017
1.0933,1.0933,1.0933,83,1.0933
1.0593,1.0933,1.0593,5416,1.0933
1.0424,1.0679,1.0254,731,1.0254
1.0679,1.1102,1.0679,16495,1.1102
1.0933,1.1271,1.0085,26654,1.1271
1.1271,1.1356,1.1271,2490,1.1356
1.1186,1.1356,1.1186,464,1.1356
1.1356,1.1441,1.1017,4720,1.1017
1.0933,1.1356,1.0933,413,1.1356
1.1017,1.1525,1.0763,11717,1.1271
1.0933,1.1102,1.0679,4795,1.1102
1.1102,1.1102,1.0763,497,1.1017
1.0848,1.1017,1.0679,3258,1.1017
1.0679,1.0933,1.0679,118,1.0933
1.0679,1.0933,1.017,4154,1.017
1.0848,1.0848,1.0848,23,1.0848
1,1.0679,1,1249,1.0679
1.0339,1.0509,1.017,3622,1.0509
0.9916,1.0424,0.9746,4602,1.0424
0.983,1.0424,0.9492,9169,0.9577
0.9492,1,0.9492,5196,0.983
0.9492,0.9577,0.9492,1614,0.9577
0.9407,1,0.9407,1304,1
0.9492,1,0.9492,731,1
0.9492,0.9916,0.9492,827,0.9916
0.9238,0.9492,0.9068,2095,0.9068
0.9068,0.983,0.9068,613,0.983
1.017,1.017,0.9068,779,1
0.9068,0.9322,0.839,72131,0.839
0.839,0.9153,0.8305,2844,0.9153
0.8136,0.8559,0.8052,14453,0.8474
0.839,0.8474,0.8305,3540,0.8305
0.8305,0.8305,0.822,3128,0.822
0.7966,0.822,0.7966,6726,0.822
0.8474,0.8984,0.7882,2068,0.839
0.8474,0.8474,0.8305,1617,0.8305
0.8644,0.8644,0.7627,23436,0.8136
0.7627,0.8052,0.7543,22156,0.8052
0.839,0.8814,0.839,1722,0.8814
0.8305,0.8305,0.8305,59,0.8305
0.8305,0.8305,0.7797,1003,0.7797
0.8305,0.8305,0.822,10312,0.8305
0.8644,0.8898,0.822,6785,0.8898
0.8898,0.8898,0.8474,1298,0.8474
0.8474,0.8474,0.8136,1947,0.8474
0.8474,0.8474,0.8474,1816,0.8474
0.8474,0.8474,0.8474,1228,0.8474
0.8136,0.8136,0.8052,2951,0.8052
0.8136,0.8474,0.8136,1770,0.8474
0.8474,0.8474,0.8136,9380,0.8474
0.7882,0.839,0.7712,9417,0.7712
0.822,0.822,0.822,1144,0.822
0.7712,0.839,0.7712,1535,0.839
0.822,0.822,0.7627,11121,0.8136
0.8136,0.8305,0.7882,19578,0.8305
0.7882,0.7882,0.7882,3540,0.7882
0.7627,0.822,0.7627,8378,0.822
0.8052,0.8052,0.7712,2448,0.7882
0.7882,0.7882,0.7882,1180,0.7882
0.8052,0.8474,0.8052,7758,0.822
0.7882,0.7882,0.7797,4720,0.7797
0.7882,0.7882,0.7627,19454,0.7627
0.7627,0.822,0.7627,18627,0.8052
0.7712,0.7882,0.7627,10086,0.7627
0.822,0.822,0.7797,18823,0.7797
0.7882,0.9492,0.7627,98303,0.9492
0.9153,0.9916,0.8729,80971,0.9238
0.9322,0.9322,0.8814,26277,0.9068
0.8898,0.9238,0.8474,25416,0.8984
0.8136,0.8136,0.8136,3004,0.8136
0.8052,0.8052,0.8052,2100,0.8052
0.8052,0.8052,0.7882,7342,0.7882
0.822,0.822,0.822,488,0.822
0.7882,0.8305,0.7882,4005,0.8305
0.8305,0.8305,0.7966,28977,0.7966
0.822,0.822,0.7882,4748,0.8052
0.822,0.822,0.8052,3255,0.822
0.8305,0.8305,0.7712,19801,0.7712
0.7966,0.8052,0.7797,12973,0.7882
0.7966,0.8052,0.7627,36721,0.7882
0.822,0.822,0.822,5,0.822
0.7712,0.7882,0.7712,19858,0.7882
0.7966,0.822,0.7797,2154,0.7966
0.8305,0.8305,0.7882,39819,0.8052
0.7882,0.8136,0.7882,2339,0.7882
0.7882,0.7882,0.7882,1138,0.7882
0.8305,0.8305,0.7797,8498,0.8305
0.7797,0.822,0.7797,7025,0.822
0.8305,0.8898,0.8136,88750,0.8729
0.8814,0.8898,0.8474,5946,0.8729
0.8898,0.8898,0.8474,2960,0.8814
0.8814,0.9068,0.8729,11026,0.9068
0.9238,0.9238,0.8729,2540,0.9153
0.9153,0.9492,0.8729,33925,0.9322
0.9407,0.9407,0.8814,5120,0.9322
0.9238,0.9238,0.8898,980,0.9238
0.9238,0.9238,0.8644,3573,0.9153
0.9068,0.9068,0.8305,20062,0.8814
0.8729,0.8814,0.8474,15605,0.8474
0.8474,0.8474,0.8305,3559,0.8305
0.8474,0.8474,0.8474,868,0.8474
0.8474,0.8474,0.8136,20066,0.839
0.839,0.839,0.8136,26317,0.839
0.839,0.8898,0.839,17241,0.8898
0.8898,0.8984,0.8559,7006,0.8984
0.9068,0.9492,0.9068,13731,0.9492
0.9407,0.9407,0.9407,381,0.9407
0.9492,0.9492,0.9238,5634,0.9407
0.9407,0.9407,0.8984,5229,0.9322
0.9068,0.9238,0.8729,15195,0.9238
0.8729,0.9068,0.8644,4796,0.9068
0.8644,0.8984,0.8559,1479,0.8898
0.8898,0.8898,0.8729,1635,0.8729
0.8898,0.9661,0.8898,22150,0.9661
0.9661,0.9661,0.9238,618,0.9577
0.9577,0.9577,0.9322,3672,0.9492
0.9492,0.9577,0.9322,771,0.9577
0.9577,0.9577,0.9322,3189,0.9492
0.9577,0.9577,0.9238,3827,0.9492
0.9661,0.9661,0.9407,287,0.9492
0.9492,0.9492,0.9492,21,0.9492
0.9492,0.9492,0.9492,6,0.9492
0.9492,0.9492,0.8984,2748,0.9407
0.9407,0.9407,0.8814,1134,0.9322
0.9238,0.9238,0.8474,12530,0.8984
0.8474,0.8729,0.822,24725,0.822
0.822,0.8984,0.8136,33586,0.8814
0.8644,0.8644,0.7966,52162,0.822
0.8052,0.8052,0.7458,73418,0.7458
0.7627,0.7797,0.7543,10874,0.7627
0.7543,0.8136,0.7543,17169,0.8136
0.8136,0.8136,0.7966,1645,0.8136
0.7966,0.7966,0.7966,1870,0.7966
0.8052,0.8052,0.8052,15,0.8052
0.8052,0.8474,0.8052,12611,0.8136
0.8305,0.8305,0.8305,3613,0.8305
0.8305,0.8305,0.8052,2424,0.822
0.822,0.822,0.8136,2720,0.822
0.822,0.839,0.822,8732,0.839
0.839,0.839,0.839,24,0.839
0.839,0.8729,0.822,13168,0.8474
0.8474,0.8814,0.8474,10355,0.8814
0.8814,0.9238,0.8644,19654,0.9068
0.8898,0.9068,0.8644,17826,0.8898
0.8984,0.9068,0.8644,14710,0.8984
0.8984,0.8984,0.8644,1854,0.8644
0.8898,0.9322,0.8898,22296,0.9153
0.9238,0.9238,0.9238,5,0.9238
0.9153,0.9238,0.9153,9918,0.9238
0.9238,0.9322,0.8984,15531,0.9153
0.8814,0.9153,0.8814,6670,0.9153
0.9153,0.9238,0.9068,4615,0.9238
0.9238,0.9238,0.8898,1304,0.8898
0.9153,0.9153,0.8559,1666,0.8559
0.8984,0.8984,0.8729,4781,0.8898
0.8984,0.8984,0.8984,1175,0.8984
0.9153,0.9153,0.9153,35,0.9153
0.9153,0.9153,0.8729,27,0.9153
0.9153,0.9153,0.9068,20,0.9068
0.9153,0.9153,0.9153,6,0.9153
0.9153,0.9153,0.9153,4,0.9153
0.8559,0.8984,0.8559,958,0.8984
0.8984,0.9153,0.8984,16722,0.9068
0.9153,0.9322,0.9153,8501,0.9238
0.9238,0.9238,0.8814,2370,0.9238
0.8984,0.9068,0.8729,1437,0.9068
0.9068,0.9068,0.9068,218,0.9068
0.9068,0.9153,0.8898,4459,0.8898
0.9153,0.9153,0.8644,2153,0.8984
0.9068,0.9068,0.8559,6125,0.8898
0.8892,0.8892,0.8892,20,0.8892
0.8814,0.8898,0.8729,1871,0.8898
0.9068,0.9068,0.9068,2019,0.9068
0.9068,0.9068,0.8729,491,0.9068
0.9068,0.9068,0.8729,605,0.9068
0.9068,0.9068,0.9068,18,0.9068
0.9068,0.9068,0.8814,785,0.8814
0.9068,0.9153,0.8984,4254,0.9153
0.9238,1.0424,0.9068,55877,1.0424
1.0679,1.1695,0.9746,113236,1.0593
1.0679,1.1186,0.9916,27560,1.0339
1,1.017,0.9746,19760,1.0085
0.983,0.983,0.9322,25046,0.9492
0.9407,0.9577,0.9407,4938,0.9577
0.9238,0.9577,0.9153,13806,0.9492
0.9492,0.9492,0.8984,4663,0.9238
0.8898,0.9153,0.8644,9237,0.9068
0.9068,0.9068,0.8644,157,0.8984
0.8984,0.8984,0.8474,3028,0.8898
0.9068,0.9068,0.8559,856,0.8898
0.8559,0.8984,0.8052,13055,0.8984
0.8474,0.8814,0.8474,4176,0.8474
0.8474,0.8814,0.8305,2622,0.8729
0.8898,0.8984,0.8898,8264,0.8898
0.8305,0.8814,0.8305,1791,0.8814
0.8814,0.9068,0.839,7982,0.8898
0.8474,0.9068,0.8474,9,0.9068
0.9068,0.9153,0.8559,3805,0.9153
0.9068,0.9322,0.8984,5829,0.9322
0.9322,0.9322,0.9322,1185,0.9322
1.0085,1.0085,0.8898,2990,0.9238
0.9153,0.9153,0.8898,127,0.9068
0.9068,0.9068,0.8984,595,0.8984
0.8898,0.8898,0.8898,3,0.8898
0.8984,0.8984,0.8984,5,0.8984
0.8984,0.8984,0.8559,1185,0.8984
0.8559,0.8898,0.8474,4932,0.8898
0.8814,0.8814,0.8814,24,0.8814
0.8814,0.8814,0.8814,18,0.8814
0.8898,0.8898,0.8474,103,0.8898
0.8892,0.8982,0.8443,5935,0.8443
0.8984,0.8984,0.8305,2372,0.8814
0.8814,0.8814,0.8814,9,0.8814
0.8814,0.8814,0.839,475,0.8814
0.8814,0.8814,0.8729,22,0.8729
0.8814,0.8898,0.8474,2839,0.8898
0.8559,0.8814,0.839,14164,0.8729
0.8729,0.8729,0.839,199,0.8729
0.8729,0.8729,0.839,278,0.8729
0.8729,0.983,0.8729,54641,0.9577
0.9407,0.9746,0.9322,5169,0.9661
0.9661,0.9661,0.9068,84,0.9492
0.9322,0.9322,0.9322,180,0.9322
0.9322,0.9322,0.8898,3502,0.9322
0.9322,0.9577,0.8984,3657,0.9577
0.9492,0.9492,0.8729,21632,0.8898
0.8898,0.9238,0.8898,1121,0.9238
0.8814,0.9322,0.8814,2454,0.9322
0.9322,0.9322,0.9322,473,0.9322
0.8892,0.9341,0.8892,200,0.9341
0.9341,0.9341,0.9341,1072,0.9341
0.8898,0.9153,0.8814,10706,0.8814
0.9072,0.9072,0.8982,1354,0.9072
0.9072,0.9072,0.9072,1071,0.9072
0.9072,0.9701,0.8892,9388,0.9431
0.9431,0.952,0.9431,8324,0.952
0.9661,1.0509,0.9661,42248,0.9916
1.033,1.033,0.979,5224,0.979
0.983,0.983,0.9661,6008,0.983
0.979,1.0149,0.979,4376,1.0149
1.0599,1.0778,1.0239,28798,1.0239
1.033,1.1047,1.033,32067,1.1047
1.1047,1.1047,1.1047,71,1.1047
1.1047,1.1047,1.033,11825,1.0599
1.0599,1.0599,1.0149,12649,1.0599
1.0509,1.0868,1.0509,2797,1.0509
1.1138,1.1228,1.1138,599,1.1138
1.1047,1.1138,1.1047,129,1.1047
1.1047,1.1047,1.0059,9326,1.0239
1.0778,1.0778,1.033,2232,1.0599
1.0239,1.0599,1.0149,200,1.0599
1.0149,1.0599,1.0149,122,1.0599
1.0509,1.0509,1.0509,728,1.0509
1.0599,1.0599,0.988,7510,1.033
1.033,1.0599,1.0059,28474,1.0419
1.0419,1.0419,1.0419,16,1.0419
1.0419,1.0419,0.9701,7112,1.0239
1.0239,1.0239,0.952,5796,1.0149
1.0149,1.0239,1.0149,4173,1.0239
1.0239,1.0239,1.0149,21,1.0149
1.0149,1.0149,1.0149,1003,1.0149
1.0149,1.0149,1.0149,30,1.0149
1.0149,1.0149,1.0149,17,1.0149
1.0149,1.0149,1.0149,2,1.0149
1.0149,1.0149,1.0149,16,1.0149
1.0149,1.0149,1.0149,18,1.0149
1.0149,1.0149,1.0149,15,1.0149
1.0149,1.0149,1.0149,124,1.0149
1.0149,1.0149,1.0149,1,1.0149
1.0059,1.0059,1.0059,5,1.0059
1.0059,1.0059,1.0059,5,1.0059
0.988,0.988,0.988,9,0.988
0.979,1.0149,0.979,17123,1.0149
0.988,1.0239,0.988,11511,1.0239
1.0239,1.0239,0.988,22304,1.0239
1.0239,1.0239,1.0239,1375,1.0239
1.0239,1.1138,1.0239,2523,1.033
0.997,1.0419,0.997,234,1.0419
1.0419,1.0688,1.0419,5238,1.0599
1.0778,1.0778,1.0599,1768,1.0778
1.0778,1.1138,1.0778,11234,1.1138
1.1138,1.1497,1.1138,13956,1.1317
1.1407,1.1407,1.0778,2248,1.1407
1.1407,1.1586,1.1407,15065,1.1586
1.1586,1.1586,1.1407,408,1.1586
1.1586,1.1586,1.1317,1138,1.1497
1.1317,1.1497,1.1138,2084,1.1497
1.1497,1.1497,1.0868,2442,1.1407
1.1497,1.1497,1.1228,41,1.1497
1.1497,1.1497,1.1497,6,1.1497
1.1497,1.1497,1.1047,2862,1.1407
1.1407,1.1497,1.1407,1130,1.1407
1.1407,1.1407,1.0957,243,1.1317
1.1317,1.2305,1.1317,56379,1.2305
1.2395,1.2395,1.2036,4303,1.2215
1.2126,1.2305,1.2126,4067,1.2305
1.2305,1.2305,1.1138,35452,1.1407
1.1856,1.1856,1.0778,20154,1.1228
1.1317,1.1317,1.1228,463,1.1228
1.1228,1.1228,1.0957,7838,1.1228
1.1228,1.1228,1.0957,5255,1.1228
1.1228,1.1228,1.1228,123,1.1228
1.1317,1.1317,1.1317,15,1.1317
1.1138,1.1138,1.1138,13,1.1138
1.1138,1.1138,1.1138,22,1.1138
1.1138,1.1138,1.1138,4,1.1138
1.1138,1.1138,1.1138,4,1.1138
1.1047,1.1138,1.1047,1205,1.1138
1.1138,1.1138,1.1138,2,1.1138
1.0957,1.1317,1.0957,8695,1.1228
1.1228,1.1228,1.1228,9,1.1228
1.1228,1.1228,1.1228,17,1.1228
1.1228,1.1228,1.0957,10751,1.1228
1.1228,1.1228,1.1228,12,1.1228
1.1228,1.1228,1.1228,12,1.1228
1.1228,1.1228,1.1228,6300,1.1228
1.1676,1.1766,1.1497,3350,1.1676
1.2036,1.2036,1.1676,2568,1.1856
1.1676,1.1946,1.1676,2990,1.1856
1.1946,1.1946,1.1676,740,1.1676
1.1676,1.1766,1.1228,3397,1.1766
1.1946,1.1946,1.1317,687,1.1946
1.1946,1.1946,1.1856,2155,1.1946
1.1946,1.1946,1.1946,2,1.1946
1.1946,1.1946,1.1676,3871,1.1946
1.1856,1.1856,1.1856,47,1.1856
1.1676,1.1676,1.1138,3372,1.1586
1.1586,1.1586,1.1497,2257,1.1586
1.1586,1.1586,1.1497,2196,1.1586
1.1766,1.1766,1.1138,18199,1.1407
1.1497,1.1497,1.1407,9278,1.1497
1.1497,1.1676,1.1138,3736,1.1138
1.1676,1.1676,1.0957,10390,1.1317
1.1586,1.1676,1.1407,8370,1.1676
1.1946,1.1946,1.1856,58,1.1856
1.1856,1.1856,1.1676,1479,1.1856
1.1856,1.1856,1.1856,37,1.1856
1.1856,1.1946,1.1497,1356,1.1676
1.2036,1.2036,1.1407,3142,1.1676
1.1676,1.1946,1.1676,27859,1.1766
1.1856,1.2305,1.1676,27060,1.2305
1.2215,1.2305,1.2215,3341,1.2305
1.2215,1.2215,1.1586,7896,1.1946
1.2215,1.2215,1.1407,11236,1.1676
1.1138,1.1497,1.1047,20550,1.1228
1.1228,1.1676,1.1228,9612,1.1676
1.1676,1.1676,1.1676,28,1.1676
1.1856,1.1946,1.1407,6422,1.1407
1.1946,1.1946,1.1407,1141,1.1856
1.1676,1.1946,1.1317,2250,1.1856
1.1946,1.1946,1.1497,2825,1.1856
1.1856,1.1856,1.1497,3758,1.1676
1.1676,1.1766,1.1676,2825,1.1766
1.1766,1.1766,1.1407,4056,1.1497
1.1676,1.1676,1.1586,5761,1.1676
1.1586,1.1586,1.1586,4092,1.1586
1.1586,1.1586,1.1407,5928,1.1497
1.1497,1.1497,1.1047,2885,1.1497
1.1047,1.1497,1.1047,4792,1.1497
1.1407,1.1407,1.1138,587,1.1407
1.1407,1.1586,1.1138,10926,1.1407
1.1676,1.1676,1.1317,2998,1.1676
1.1766,1.1766,1.1497,4508,1.1766
1.1946,1.1946,1.1407,9025,1.1946
1.1856,1.1946,1.1407,7182,1.1856
1.1856,1.1856,1.1497,1117,1.1766
1.1856,1.1856,1.1317,1134,1.1676
1.1586,1.1586,1.1497,837,1.1497
1.1497,1.1586,1.1228,1815,1.1586
1.1586,1.1586,1.1138,281,1.1317
1.1317,1.1317,1.1047,3609,1.1317
1.1586,1.1586,1.1138,2615,1.1407
1.1586,1.1586,1.1407,586,1.1407
1.1586,1.1586,1.1497,4618,1.1586
1.1497,1.1497,1.0957,6501,1.1497
1.1407,1.1407,1.1317,797,1.1317
1.1317,1.2036,1.1317,3921,1.1586
1.1856,1.1856,1.1228,6697,1.1228
1.1676,1.1676,1.1228,9069,1.1407
1.1676,1.1676,1.1317,1120,1.1676
1.1586,1.1586,1.1586,22,1.1586
1.1497,1.1497,1.1407,243,1.1407
1.1497,1.1497,1.1407,932,1.1407
1.1586,1.1586,1.0957,9700,1.1228
1.1228,1.1228,1.0957,6267,1.1138
1.1138,1.1138,1.1138,5,1.1138
1.1047,1.1586,1.0778,8047,1.1586
1.1497,1.1497,1.1317,3699,1.1497
1.1407,1.1497,1.1317,1400,1.1497
1.1497,1.1497,1.1407,144,1.1407
1.1317,1.1317,1.1138,48,1.1138
1.1407,1.1407,1.1228,2121,1.1228
1.1407,1.1407,1.0868,2824,1.1317
1.1317,1.1317,1.1228,9912,1.1317
1.1317,1.1317,1.1228,3074,1.1317
1.1317,1.1317,1.1228,2700,1.1317
1.1317,1.1317,1.1317,32,1.1317
1.1317,1.1317,1.0778,882,1.1228
1.1317,1.1317,1.1317,10,1.1317
1.1317,1.1317,1.0868,155,1.1138
1.1228,1.1228,1.1138,408,1.1228
1.1228,1.1228,1.1138,4790,1.1228
1.1317,1.1317,1.1228,27,1.1228
1.0957,1.1317,1.0957,1230,1.1228
1.1317,1.1317,1.1138,2169,1.1317
1.1317,1.1317,1.0957,6061,1.1228
1.0957,1.1228,1.0957,250,1.1228
1.1317,1.1317,1.0868,2480,1.0868
1.1317,1.1317,1.1228,1569,1.1317
1.1228,1.1228,1.1228,32,1.1228
1.1228,1.1228,1.0778,7297,1.1138
1.1138,1.1138,1.1138,27,1.1138
1.1138,1.1138,1.0868,4046,1.1047
1.1138,1.1138,1.1138,36,1.1138
1.1138,1.1138,1.1138,161,1.1138
1.1138,1.1138,1.1138,20,1.1138
1.1138,1.1138,1.0868,2447,1.1047
1.0957,1.1047,1.0957,1138,1.1047
1.1047,1.1047,1.1047,22,1.1047
1.1138,1.1138,1.0149,50764,1.0149
1.0419,1.0419,1.0239,3479,1.0419
1.0419,1.0419,0.988,1476,1.0419
1.033,1.033,1.033,32,1.033
1.033,1.033,0.952,2041,0.952
0.9431,1.0239,0.8892,25241,0.9431
1.0149,1.0149,0.988,1119,0.997
0.997,0.997,0.9431,5086,0.9431
1.0419,1.0688,1.0239,33464,1.0419
1.0599,1.0957,0.979,30383,1.0957
1.1047,1.1047,1.0868,17,1.0868
1.0868,1.0868,1.0419,1797,1.0868
1.0688,1.0688,1.0239,1125,1.0599
1.0688,1.0688,1.0149,3905,1.0509
1.0509,1.0599,1.0239,10751,1.0239
1.0599,1.1228,1.0509,8120,1.1138
1.1138,1.1407,1.1047,37164,1.1407
1.1407,1.1586,1.1317,13676,1.1497
1.1676,1.1766,1.1407,6355,1.1766
1.1766,1.2036,1.1676,18533,1.2036
1.2036,1.2036,1.2036,1392,1.2036
1.2036,1.2305,1.2036,19981,1.2215
1.2215,1.2305,1.1228,3052,1.1856
1.1586,1.2126,1.1228,8354,1.2126
1.1676,1.2126,1.1407,2782,1.1946
1.2036,1.2036,1.1946,15,1.1946
1.1856,1.1856,1.1676,1115,1.1676
1.1586,1.1586,1.0957,9909,1.1497
1.1228,1.1228,1.0778,10691,1.1228
1.1228,1.1228,1.1228,24,1.1228
1.0957,1.1497,1.0778,10541,1.1497
1.1497,1.1497,1.1228,12881,1.1497
1.1586,1.1586,1.0957,2957,1.1586
1.1586,1.1586,1.1047,3364,1.1497
1.1497,1.1497,1.1047,8248,1.1407
1.1138,1.1407,1.0957,26743,1.1407
1.1407,1.1407,1.0778,12088,1.1317
1.0868,1.1317,1.0778,14255,1.1228
1.1317,1.1317,1.1317,5,1.1317
1.0957,1.1317,1.0868,18799,1.1228
1.0957,1.1497,1.0957,11116,1.1497
1.1497,1.1497,1.1497,43,1.1497
1.1497,1.1497,1.0688,33513,1.0778
1.1138,1.1138,1.0688,3195,1.1047
1.0957,1.0957,1.0149,8654,1.0957
1.0957,1.1047,1.0957,3222,1.1047
1.0599,1.1047,1.0599,12873,1.0778
1.0957,1.0957,1.0419,1961,1.0688
1.0419,1.0778,1.033,9195,1.0778
1.0868,1.1047,1.0778,8404,1.1047
1.1048,1.1048,1.0688,6717,1.0688
1.1547,1.1547,1.0307,3634,1.0879
1.1165,1.1165,1.1165,4,1.1165
1.1261,1.1261,1.0593,14077,1.1261
1.1356,1.1356,1.0975,495,1.1356
1.1356,1.1356,1.1356,1012,1.1356
1.1356,1.1356,1.1261,64,1.1261
1.1356,1.1356,1.1165,425,1.1261
1.1356,1.1356,1.0593,4091,1.1261
1.1261,1.1261,1.1261,7,1.1261
1.1261,1.1261,1.1261,7,1.1261
1.1261,1.1261,1.0879,873,1.0975
1.0688,1.1165,1.0593,1462,1.1165
1.1165,1.1165,1.0688,7609,1.0879
1.107,1.1165,1.0784,1098,1.1165
1.1165,1.1165,1.107,367,1.107
1.107,1.107,1.107,67,1.107
1.107,1.107,1.0688,1541,1.107
1.1165,1.1165,1.107,109,1.1165
1.1165,1.1165,1.107,34,1.107
1.1165,1.1165,1.107,18,1.107
1.0784,1.1165,1.0688,828,1.107
1.1165,1.1165,1.107,1612,1.1165
1.1165,1.1165,1.0975,147,1.1165
1.1165,1.1165,1.0688,2529,1.1165
1.1165,1.1165,1.0593,5744,1.0784
1.1165,1.1165,1.1165,8,1.1165
1.1165,1.1165,1.1165,1079,1.1165
1.107,1.107,1.0307,9512,1.107
1.107,1.107,1.0211,3521,1.0784
1.107,1.107,1.107,7,1.107
1.1165,1.1165,1.1165,6,1.1165
1.1165,1.1165,1.0211,7304,1.0688
1.1165,1.1165,1.0784,13,1.0784
1.0784,1.0784,1.0116,10223,1.0784
1.0784,1.0784,1.0116,3146,1.0784
1.0784,1.0784,1.0116,2102,1.0784
1.0784,1.0784,1.0784,7,1.0784
1.0593,1.0593,1.0497,329,1.0497
1.1165,1.1165,1.1165,3,1.1165
1.1165,1.1165,1.1165,4,1.1165
1.1165,1.1165,1.1165,7,1.1165
1.1165,1.1165,1.1165,12,1.1165
1.1165,1.1165,1.1165,13,1.1165
1.1165,1.1165,1.0307,2206,1.1165
1.1165,1.1165,1.1165,3,1.1165
1.0879,1.0879,1.0879,16,1.0879
1.0879,1.0879,0.9543,585,1.0784
1.0879,1.0879,0.9734,7524,1.002
1.0688,1.0688,0.9925,6023,0.9925
1.0307,1.0307,0.9734,10722,1.0307
1.0307,1.0307,1.0307,1,1.0307
1.002,1.002,0.9543,22693,1.002
1.0307,1.0307,1.0307,13,1.0307
1.0307,1.0688,1.0307,12,1.0497
1.0497,1.0497,1.0497,12,1.0497
1.0307,1.0307,0.9543,12129,1.0307
1.0402,1.0402,1.0402,3,1.0402
1.0211,1.0211,1.0116,7,1.0116
1.0116,1.0116,1.0116,10,1.0116
1.0116,1.0116,1.0116,3,1.0116
1.0116,1.0116,1.0116,12,1.0116
1.0116,1.0116,1.0116,6,1.0116
1.0116,1.0116,1.0116,8,1.0116
1.0116,1.0116,0.9543,541,1.0116
1.002,1.002,0.9543,832,1.002
0.9543,1.0116,0.9066,27358,0.9925
0.9925,0.9925,0.9925,9,0.9925
0.9925,0.9925,0.9543,2622,0.9543
0.9925,0.9925,0.9543,3682,0.9925
0.9925,0.9925,0.9925,15,0.9925
0.9925,0.9925,0.9066,327,0.9925
0.9925,0.9925,0.9066,2096,0.9066
0.9925,0.9925,0.9066,2370,0.9639
0.9639,0.9639,0.9543,322,0.9543
0.9925,0.9925,0.9639,15,0.9639
0.9925,0.9925,0.9925,2,0.9925
0.9925,0.9925,0.9543,329,0.9543
0.9925,0.9925,0.9161,778,0.9161
0.9829,0.9829,0.9543,1570,0.9829
0.9829,0.9829,0.9161,130,0.9829
0.9734,0.9734,0.878,14327,0.9352
0.9352,0.9352,0.9352,2261,0.9352
0.9352,0.9352,0.878,4466,0.878
0.878,0.9066,0.8589,51419,0.8589
0.9066,0.9066,0.9066,45,0.9066
0.9066,0.9066,0.9066,46,0.9066
0.9257,0.9257,0.9257,16,0.9257
0.9257,0.9257,0.9257,4,0.9257
0.9257,0.9257,0.9257,49,0.9257
0.9257,0.9257,0.9257,8,0.9257
0.9257,0.9257,0.9066,15052,0.9066
0.9161,0.9257,0.8875,2013,0.9257
0.9161,0.9161,0.9161,7,0.9161
0.9257,0.9257,0.8875,1202,0.9066
0.9066,0.9066,0.9066,1094,0.9066
0.8875,0.8875,0.878,2620,0.878
0.878,0.9543,0.878,4901,0.9543
0.9543,0.9543,0.8971,1891,0.9543
0.9925,0.9925,0.9829,16,0.9829
0.9829,0.9829,0.9639,1880,0.9829
0.9734,0.9734,0.9734,9,0.9734
0.9829,0.9829,0.8875,6394,0.9829
0.9829,0.9829,0.8684,10284,0.878
0.9161,0.9161,0.8493,12625,0.9161
0.9161,0.9161,0.9161,30,0.9161
0.9161,0.9161,0.9161,503,0.9161
0.9161,0.9161,0.9066,13,0.9066
0.9161,0.9161,0.9066,532,0.9066
0.9066,0.9066,0.9066,12,0.9066
0.9066,0.9066,0.9066,10,0.9066
0.9066,0.9066,0.8875,587,0.9066
0.9066,0.9066,0.9066,10,0.9066
0.9066,0.9066,0.8207,9667,0.8303
0.8493,0.878,0.8493,7733,0.8493
0.878,0.878,0.8684,2629,0.878
0.878,0.878,0.8112,35110,0.8684
0.9066,0.9066,0.878,4199,0.878
0.8971,0.8971,0.8112,24218,0.8589
0.8875,0.8875,0.8589,1488,0.8589
0.8875,0.8875,0.8589,1046,0.8875
0.8875,0.8875,0.8207,11740,0.8589
0.878,0.9734,0.8684,141660,0.9734
0.9734,1.1738,0.9734,127057,1.0593
1.0593,1.0593,1.0497,3436,1.0497
1.0497,1.0497,0.9925,11528,0.9925
0.9448,1.0211,0.9448,20068,1.0211
1.0975,1.0975,1.0688,12,1.0688
1.0497,1.0497,1.0211,54,1.0211
1.002,1.002,0.9352,58,0.9925
0.9925,0.9925,0.9543,2098,0.9543
0.9925,0.9925,0.9734,2505,0.9925
1.002,1.002,0.9448,35249,1.002
1.002,1.0211,0.9925,1570,1.0211
1.0211,1.0211,1.0211,65,1.0211
1.0116,1.0116,0.9543,122,1.0116
1.0116,1.0497,1.0116,7319,1.0497
1.0402,1.0402,0.9829,8053,1.0402
1.0402,1.0402,0.9829,3802,1.0211
1.0402,1.0402,0.9543,5821,0.9543
0.9543,1.0307,0.9448,10174,1.0307
1.0593,1.0593,0.9543,5758,1.0307
1.0211,1.0211,0.9543,5243,1.0211
0.9925,0.9925,0.9829,1626,0.9829
0.9543,0.9543,0.9066,18481,0.9066
0.9448,0.9448,0.9161,56,0.9448
0.9448,0.9448,0.9448,3060,0.9448
0.9925,0.9925,0.9161,17013,0.9161
0.9543,0.9543,0.878,6429,0.878
0.9066,0.9066,0.8971,1655,0.9066
0.8875,0.9066,0.8589,42956,0.9066
0.9829,0.9829,0.8875,202,0.9448
0.9352,0.9448,0.9352,3,0.9448
0.9734,0.9734,0.9543,7134,0.9639
0.9639,0.9639,0.9066,2797,0.9066
0.9257,0.9448,0.9066,5405,0.9257
0.9448,0.9448,0.8875,3335,0.9257
0.9543,0.9829,0.9448,10723,0.9448
0.9829,1.002,0.9639,13568,0.9639
1.002,1.002,0.9639,3326,0.9639
1.002,1.002,0.9543,1855,1.002
1.002,1.002,0.9543,6313,0.9925
0.9925,0.9925,0.9925,72,0.9925
0.9925,0.9925,0.9257,11676,0.9925
0.9925,0.9925,0.9543,3569,0.9734
0.9925,0.9925,0.9639,5237,0.9829
0.9925,0.9925,0.9543,7922,0.9925
0.9925,0.9925,0.9543,4200,0.9925
0.9925,0.9925,0.9925,18,0.9925
0.9925,0.9925,0.9639,3590,0.9925
0.9925,1.0211,0.9925,5560,1.0211
1.0116,1.0116,0.9639,3235,1.002
1.002,1.002,0.9734,2193,1.002
1.0211,1.0211,1.002,2780,1.002
1.0211,1.0211,0.9639,782,1.0211
1.0211,1.0211,1.0211,1042,1.0211
1.0211,1.0211,0.9925,3165,1.0116
1.0593,1.1452,1.0593,50984,1.1165
1.0497,1.0784,1.0211,45521,1.0402
1.0593,1.0593,1.0116,4180,1.0593
1.0497,1.0975,1.0497,1058,1.0975
1.0879,1.0879,1.0497,1232,1.0879
1.0879,1.0879,1.0879,24,1.0879
1.0879,1.0879,1.0879,20,1.0879
1.107,1.107,1.0784,3150,1.0784
1.107,1.107,1.0975,683,1.107
1.107,1.107,1.0211,10489,1.107
1.107,1.107,1.0402,734,1.107
1.107,1.107,1.0497,5279,1.0497
1.107,1.107,1.107,7,1.107
1.107,1.107,1.0593,15,1.0593
1.0593,1.1452,1.0497,105249,1.0688
1.1165,1.1165,1.0497,23469,1.0784
1.0784,1.107,1.0497,3916,1.107
1.0975,1.0975,1.0879,1902,1.0975
1.107,1.107,1.0497,11755,1.107
1.107,1.107,1.0307,14498,1.0307
1.0593,1.0593,1.0307,2108,1.0593
1.0593,1.0593,1.0593,613,1.0593
1.0593,1.0593,1.0307,2472,1.0593
1.0593,1.0688,1.0593,389,1.0688
1.0688,1.0688,1.002,2229,1.0688
1.0688,1.0688,1.0688,5032,1.0688
1.0688,1.0784,1.0688,9988,1.0688
1.0784,1.0784,1.0688,1897,1.0784
1.0688,1.0688,1.0688,3145,1.0688
1.0688,1.0688,1.0593,5239,1.0593
1.1356,1.2215,1.1261,144533,1.212
1.2311,1.4315,1.2311,274415,1.4315
1.4315,1.4983,1.3647,52734,1.4219
1.4028,1.4887,1.4028,127677,1.4792
1.4983,1.5746,1.4983,153814,1.5555
1.5651,1.6605,1.5364,254909,1.6032
1.5937,1.651,1.5937,71015,1.651
1.6701,1.8323,1.6319,89012,1.7273
1.8037,1.8609,1.7655,73653,1.7655
1.8514,1.88,1.775,14309,1.8227
1.8323,1.8418,1.6987,32847,1.775
1.7655,1.7655,1.6987,6024,1.7464
1.7082,1.7082,1.6605,11948,1.6891
1.7082,1.7082,1.5651,17636,1.6701
1.6701,1.775,1.6701,16635,1.7082
1.775,1.775,1.6987,1720,1.7655
1.775,1.775,1.7369,6819,1.7655
1.7655,1.7655,1.6987,5223,1.7464
1.7559,1.7655,1.7559,2272,1.7655
1.7655,1.7655,1.6796,3866,1.7464
1.7464,1.7464,1.6605,5988,1.6605
1.7464,1.7559,1.6605,3341,1.7178
1.7559,1.7559,1.6319,7725,1.6319
1.6987,1.6987,1.5937,4194,1.5937
1.6605,1.6605,1.6032,6078,1.651
1.6605,1.6605,1.5078,19458,1.6128
1.6605,1.6605,1.546,4343,1.5937
1.6032,1.6319,1.5746,10322,1.6223
1.651,1.6796,1.6223,4437,1.6796
1.7369,1.7655,1.6987,15737,1.7559
1.7559,1.7559,1.7369,1183,1.7369
1.7273,1.7369,1.7178,2910,1.7178
1.7178,1.8132,1.7082,39858,1.7941
1.8037,1.8132,1.7559,6110,1.7559
1.8037,1.88,1.7559,46892,1.88
1.93,2.01,1.91,41321,2
2.13,2.41,2.13,160830,2.34
2.34,2.39,2.18,55957,2.25
2.29,2.29,2.15,18625,2.2
2.19,2.21,2.14,9048,2.21
2.21,2.3,2.18,15379,2.3
2.31,2.35,2.28,13760,2.35
2.35,2.39,2.33,14211,2.39
2.39,2.39,2.16,15531,2.23
2.38,2.38,2.29,7799,2.35
2.37,2.39,2.32,11283,2.39
2.4,2.4,2.34,19889,2.39
2.39,2.39,2.35,2027,2.37
2.38,2.38,2.35,10170,2.35
2.33,2.33,2.12,35472,2.21
2.2,2.25,2.09,20075,2.15
2.03,2.15,2.01,11826,2.15
2.11,2.32,2.11,5494,2.18
2.18,2.25,2.07,10027,2.15
2.25,2.26,2.16,6265,2.2
2.25,2.29,2.23,7065,2.24
2.23,2.29,2.18,14741,2.28
2.29,2.29,2.24,1052,2.24
2.24,2.28,2.12,4777,2.28
2.13,2.28,2.13,24,2.28
2.27,2.27,2.2,2324,2.2
2.28,2.28,2.16,1419,2.2
2.16,2.22,2.14,3522,2.22
2.22,2.28,2.22,7848,2.28
2.14,2.27,2.14,2205,2.18
2.28,2.28,2.24,103,2.24
2.28,2.28,2.22,1315,2.22
2.24,2.24,2.24,867,2.24
2.24,2.24,2.19,1602,2.24
2.18,2.22,2.12,2711,2.22
2.13,2.15,2.12,6083,2.14
2.14,2.24,2.14,2453,2.24
2.25,2.28,2.17,4258,2.28
2.28,2.28,2.26,60,2.26
2.28,2.28,2.1,9004,2.14
2.26,2.26,2.14,1666,2.15
2.26,2.26,2.19,1005,2.19
2.25,2.25,2.11,5408,2.11
2.11,2.25,2.11,1191,2.25
2.25,2.25,2.24,208,2.24
2.24,2.24,2.15,214,2.24
2.24,2.24,2.12,1742,2.12
2.22,2.22,2.15,662,2.22
2.18,2.18,2.1,14034,2.16
2.16,2.16,1.98,6957,2.15
2.15,2.22,2.15,858,2.22
2.21,2.21,2.15,2683,2.17
2.16,2.22,2.1,6576,2.22
2.21,2.21,2.19,94,2.19
2.12,2.16,2.08,4074,2.15
2.15,2.15,2.06,2305,2.06
2.06,2.06,2.03,11328,2.06
2.05,2.05,2.03,3638,2.05
2.06,2.06,1.94,15311,1.99
1.94,1.98,1.91,12030,1.91
1.91,2.07,1.86,6067,1.97
2.06,2.2,2.06,6531,2.2
2.19,2.25,2.13,9130,2.13
2.2,2.22,2.13,1092,2.13
2.2,2.23,2.15,3616,2.2
2.21,2.23,2.16,1923,2.19
2.22,2.22,2,29914,2.09
2.09,2.13,2.03,8552,2.13
2.13,2.22,2.13,9263,2.22
2.22,2.22,2.19,1342,2.19
2.21,2.21,2.17,1015,2.21
2.2,2.2,2.15,5480,2.2
2.19,2.19,2.15,886,2.17
2.16,2.22,2.15,6554,2.21
2.15,2.15,1.94,14956,1.98
1.75,1.98,1.75,25576,1.93
1.87,1.91,1.8,21625,1.91
1.91,2,1.8,18139,2
2,2,1.9,16687,1.95
1.96,1.96,1.76,29677,1.76
1.76,1.85,1.75,4950,1.8
1.8,1.8,1.7,12826,1.74
1.74,1.75,1.72,2088,1.75
1.75,1.75,1.63,18943,1.75
1.74,1.74,1.63,1756,1.68
1.68,1.68,1.68,242,1.68
1.68,1.75,1.63,2897,1.72
1.75,1.75,1.55,9933,1.64
1.6,1.71,1.6,4342,1.71
1.69,1.69,1.56,4929,1.65
1.65,1.7,1.58,2819,1.67
1.58,1.67,1.58,244,1.65
1.65,1.67,1.58,985,1.67
1.67,1.67,1.65,2383,1.67
1.67,1.76,1.6,6100,1.61
1.61,1.7,1.61,2859,1.7
1.65,1.67,1.58,17348,1.67
1.71,1.71,1.69,74,1.69
1.59,1.69,1.59,3832,1.69
1.69,1.69,1.6,11858,1.69
1.69,1.69,1.69,42,1.69
1.69,1.69,1.67,138,1.67
1.69,1.69,1.6,493,1.6
1.58,1.69,1.58,4432,1.58
1.63,1.63,1.63,100,1.63
1.55,1.65,1.55,1859,1.64
1.6,1.68,1.58,6994,1.67
1.67,1.67,1.67,302,1.67
1.68,1.69,1.68,3002,1.69
1.7,1.7,1.7,1600,1.7
1.71,1.71,1.6,11503,1.66
1.6,1.7,1.6,11395,1.68
1.7,1.7,1.65,267,1.67
1.69,1.69,1.67,1519,1.67
1.69,1.69,1.64,8504,1.68
1.68,1.79,1.64,20480,1.76
1.67,1.79,1.66,5473,1.74
1.64,1.75,1.64,2536,1.7
1.8,1.8,1.7,5121,1.78
1.7,1.83,1.7,1195,1.83
1.83,1.83,1.7,1606,1.83
1.72,1.81,1.72,3702,1.81
1.72,1.81,1.72,1318,1.8
1.65,1.79,1.65,1696,1.78
1.78,1.78,1.7,6434,1.75
1.78,1.78,1.68,13571,1.68
1.68,1.7,1.65,3040,1.7
1.65,1.7,1.63,3359,1.68
1.84,1.87,1.71,43217,1.77
1.71,1.76,1.71,4990,1.76
1.76,1.83,1.76,6445,1.82
1.82,1.82,1.71,5902,1.8
1.79,1.79,1.76,7270,1.79
1.82,1.82,1.72,5939,1.74
1.74,1.74,1.73,8825,1.74
1.74,1.79,1.74,3308,1.79
1.79,1.87,1.76,16601,1.86
1.86,1.88,1.81,4256,1.87
1.81,1.87,1.74,5398,1.86
1.84,1.84,1.75,1746,1.83
1.82,1.82,1.8,5126,1.8
1.87,1.87,1.76,430,1.84
1.87,1.87,1.83,4011,1.83
1.82,1.85,1.8,2541,1.84
1.82,1.84,1.75,15395,1.75
1.79,1.79,1.69,3047,1.75
1.75,1.75,1.69,7812,1.75
1.79,1.79,1.75,1399,1.78
1.79,1.8,1.7,6621,1.8
1.77,1.77,1.7,20038,1.77
1.74,1.75,1.72,5887,1.75
1.77,1.8,1.71,1441,1.75
1.75,1.75,1.73,1827,1.75
1.75,1.75,1.75,562,1.75
1.75,1.75,1.6,21628,1.68
1.68,1.68,1.62,2870,1.67
1.66,1.66,1.51,30384,1.61
1.63,1.63,1.55,460,1.58
1.63,1.63,1.57,880,1.62
1.62,1.62,1.56,12525,1.6
1.6,1.61,1.47,47052,1.55
1.55,1.61,1.55,20639,1.61
1.61,1.77,1.61,30195,1.77
1.75,1.75,1.65,3696,1.74
1.75,1.77,1.7,4559,1.73
1.73,1.73,1.64,2063,1.72
1.72,1.76,1.72,6302,1.72
1.75,1.75,1.62,5364,1.7
1.7,1.7,1.64,3037,1.7
1.7,1.7,1.64,1261,1.68
1.7,1.7,1.66,313,1.7
1.7,1.7,1.62,9452,1.69
1.67,1.67,1.62,4297,1.62
1.57,1.67,1.57,13633,1.58
1.6,1.64,1.55,10130,1.64
1.68,1.68,1.63,1051,1.64
1.64,1.64,1.64,68,1.64
1.59,1.66,1.58,4972,1.64
1.64,1.64,1.64,74,1.64
1.63,1.63,1.55,10786,1.6
1.6,1.6,1.58,47,1.58
1.6,1.65,1.58,2067,1.64
1.61,1.64,1.57,8162,1.64
1.64,1.64,1.55,45272,1.59
1.59,1.6,1.54,3208,1.54
1.6,1.6,1.55,3378,1.59
1.6,1.61,1.59,4965,1.6
1.6,1.6,1.6,31,1.6
1.6,1.6,1.6,902,1.6
1.6,1.6,1.56,2361,1.6
1.6,1.62,1.56,6802,1.62
1.62,1.62,1.56,40,1.62
1.57,1.63,1.55,8283,1.62
1.6,1.6,1.55,20160,1.57
1.55,1.56,1.53,8538,1.56
1.53,1.56,1.51,7275,1.55
1.55,1.55,1.55,5029,1.55
1.56,1.59,1.55,7194,1.59
1.59,1.59,1.57,1064,1.59
1.59,1.59,1.57,77,1.59
1.59,1.59,1.58,232,1.59
1.59,1.59,1.57,147,1.59
1.57,1.59,1.57,2351,1.59
1.59,1.59,1.58,331,1.59
1.59,1.59,1.59,29,1.59
1.59,1.65,1.59,10699,1.65
1.65,1.7,1.64,16829,1.7
1.7,1.7,1.63,2323,1.68
1.6,1.66,1.59,4438,1.65
1.66,1.66,1.59,2687,1.64
1.63,1.64,1.62,4932,1.64
1.58,1.61,1.52,17664,1.61
1.64,1.64,1.61,268,1.61
1.62,1.62,1.57,1503,1.62
1.57,1.62,1.57,3112,1.62
1.62,1.62,1.62,1108,1.62
1.62,1.62,1.62,2715,1.62
1.62,1.62,1.61,4514,1.62
1.45,1.59,1.45,24785,1.58
1.59,1.7,1.59,18505,1.66
1.7,1.7,1.67,3200,1.69
1.7,1.7,1.63,12849,1.69
1.67,1.67,1.64,1463,1.67
1.67,1.67,1.6,9043,1.64
1.7,1.7,1.61,3091,1.68
1.68,1.68,1.64,941,1.67
1.68,1.68,1.61,3366,1.68
1.67,1.67,1.62,970,1.67
1.67,1.68,1.61,14312,1.68
1.69,1.7,1.67,1535,1.7
1.72,2.07,1.71,82231,1.97
2.05,2.05,1.85,51000,1.89
1.9,2.09,1.82,47838,1.98
1.98,2.05,1.92,49960,1.96
1.9,1.98,1.87,15489,1.9
1.9,1.92,1.79,64704,1.85
1.85,1.92,1.81,16354,1.86
1.85,1.96,1.85,25455,1.93
1.93,1.93,1.86,6412,1.89
1.87,1.88,1.84,5026,1.88
1.88,1.88,1.8,7380,1.88
1.88,1.93,1.84,14890,1.91
1.91,2.06,1.91,29462,1.93
1.95,2.04,1.95,26675,2
2.04,2.05,2.01,11525,2.04
2.04,2.06,1.96,6273,2.04
1.98,2.02,1.98,1823,2.01
2.01,2.02,1.91,3497,1.95
1.92,1.95,1.91,2876,1.95
1.93,1.93,1.82,31878,1.85
1.82,1.82,1.75,31913,1.82
1.92,1.92,1.85,11170,1.92
1.87,1.99,1.87,5982,1.92
1.92,1.96,1.87,12289,1.87
1.78,1.9,1.78,67493,1.88
1.89,1.92,1.86,4670,1.9
1.92,1.94,1.89,8805,1.92
1.92,1.92,1.81,17235,1.89
1.9,1.9,1.82,3084,1.88
1.88,1.88,1.79,4307,1.85
1.88,1.88,1.76,6509,1.84
1.83,1.86,1.76,15079,1.82
1.84,1.88,1.83,11943,1.83
1.83,1.89,1.78,18868,1.86
1.86,1.86,1.86,2,1.86
1.84,1.84,1.71,6027,1.8
1.79,1.79,1.79,2,1.79
1.71,1.79,1.71,2090,1.73
1.79,1.84,1.76,12508,1.83
1.88,1.88,1.8,3614,1.85
1.78,1.91,1.78,24263,1.91
1.94,1.97,1.9,12104,1.95
1.95,1.95,1.91,6010,1.91
1.9,1.9,1.8,6391,1.9
1.9,1.9,1.9,3006,1.9
1.8,1.8,1.77,9375,1.8
1.76,1.79,1.75,1590,1.76
1.8,1.8,1.8,56,1.8
1.78,1.78,1.75,1503,1.78
1.78,1.78,1.74,6848,1.75
1.75,1.75,1.75,6500,1.75
1.8,1.8,1.8,1027,1.8
1.68,1.77,1.66,20266,1.77
1.71,1.72,1.71,1003,1.72
1.69,1.76,1.69,1317,1.76
1.77,1.77,1.69,2534,1.76
1.76,1.76,1.72,696,1.76
1.76,1.76,1.73,1455,1.75
1.75,1.76,1.74,12746,1.76
1.7,1.73,1.69,6061,1.73
1.7,1.7,1.62,7648,1.67
1.67,1.71,1.67,1199,1.71
1.7,1.7,1.7,300,1.7
1.69,1.69,1.69,2000,1.69
1.69,1.69,1.68,1972,1.68
1.66,1.72,1.66,4134,1.72
1.67,1.75,1.67,4190,1.75
1.74,1.74,1.67,1716,1.74
1.74,1.74,1.74,41,1.74
1.74,1.75,1.71,4295,1.75
1.76,1.76,1.72,3757,1.75
1.75,1.76,1.73,2446,1.76
1.76,1.76,1.7,13280,1.72
1.72,1.75,1.72,7434,1.75
1.75,1.75,1.7,1155,1.75
1.69,1.71,1.65,17401,1.7
1.63,1.65,1.62,9516,1.65
1.65,1.65,1.62,17526,1.64
1.6,1.79,1.6,44701,1.71
1.75,1.78,1.69,16453,1.78
1.78,1.79,1.61,63493,1.64
1.64,1.64,1.62,3529,1.63
1.64,1.64,1.61,5541,1.61
1.63,1.63,1.63,117,1.63
1.63,1.63,1.59,11107,1.62
1.62,1.62,1.53,25533,1.55
1.53,1.58,1.46,19587,1.5
1.44,1.51,1.44,1625,1.51
1.47,1.51,1.47,2160,1.51
1.51,1.54,1.51,1062,1.54
1.54,1.55,1.49,3768,1.49
1.49,1.53,1.49,4443,1.53
1.52,1.52,1.49,4679,1.49
1.51,1.51,1.45,12204,1.5
1.5,1.5,1.48,3626,1.5
1.5,1.5,1.5,3784,1.5
1.5,1.52,1.49,1758,1.51
1.46,1.54,1.43,50096,1.54
1.54,1.58,1.53,37073,1.58
1.58,1.64,1.56,45300,1.64
1.68,1.77,1.68,73857,1.74
1.74,1.85,1.7,55625,1.82
1.84,1.85,1.82,12196,1.83
1.83,1.84,1.71,77643,1.79
1.73,1.76,1.71,13357,1.74
1.7,1.76,1.62,23247,1.76
1.74,1.79,1.69,6685,1.75
1.78,1.78,1.66,17981,1.74
1.74,1.74,1.65,8417,1.7
1.7,1.7,1.63,3023,1.67
1.67,1.68,1.62,3781,1.68
1.68,1.68,1.61,1861,1.65
1.65,1.65,1.63,2694,1.64
1.64,1.64,1.64,2,1.64
1.64,1.64,1.58,4019,1.61
1.63,1.63,1.55,8841,1.62
1.45,1.58,1.41,45869,1.54
1.54,1.54,1.47,658,1.53
1.53,1.53,1.51,199,1.53
1.53,1.53,1.52,1109,1.53
1.53,1.53,1.53,65,1.53
1.53,1.58,1.5,469,1.58
1.57,1.57,1.5,7837,1.54
1.54,1.55,1.5,4539,1.51
1.57,1.68,1.56,17991,1.6
1.67,1.67,1.57,4274,1.63
1.63,1.63,1.58,367,1.6
1.6,1.6,1.54,254,1.6
1.59,1.59,1.53,1196,1.59
1.53,1.57,1.52,4400,1.57
1.57,1.57,1.52,3448,1.55
1.55,1.59,1.55,3045,1.56
1.56,1.59,1.56,155,1.59
1.59,1.59,1.53,566,1.58
1.58,1.58,1.55,69,1.55
1.55,1.57,1.55,1471,1.57
1.57,1.57,1.57,143,1.57
1.57,1.57,1.54,1040,1.57
1.57,1.57,1.57,173,1.57
1.54,1.57,1.54,1305,1.57
1.57,1.57,1.56,234,1.57
1.57,1.62,1.55,3002,1.61
1.62,1.62,1.53,1226,1.58
1.58,1.58,1.53,2441,1.55
1.59,1.59,1.53,2237,1.57
1.56,1.56,1.53,3160,1.55
1.55,1.62,1.53,14402,1.61
1.45,1.54,1.43,35413,1.45
1.5,1.5,1.45,7904,1.48
1.51,1.51,1.38,15899,1.38
1.4,1.4,1.4,1091,1.4
1.4,1.42,1.4,5243,1.42
1.42,1.43,1.35,4620,1.43
1.43,1.43,1.34,5627,1.42
1.42,1.42,1.42,39,1.42
1.42,1.42,1.34,4203,1.38
1.4,1.4,1.34,1235,1.4
1.4,1.4,1.36,49,1.4
1.4,1.42,1.39,1938,1.42
1.42,1.42,1.42,122,1.42
1.41,1.41,1.41,68,1.41
1.41,1.41,1.41,18,1.41
1.41,1.41,1.36,1012,1.36
1.38,1.42,1.36,5011,1.42
1.42,1.42,1.39,5868,1.39
1.39,1.5,1.37,36118,1.44
1.44,1.49,1.34,22585,1.4
1.4,1.4,1.4,47,1.4
1.47,1.47,1.41,22190,1.47
1.47,1.52,1.47,12625,1.52
1.51,1.52,1.5,1324,1.5
1.52,1.52,1.41,11336,1.52
1.52,1.52,1.44,6574,1.44
1.44,1.51,1.42,5687,1.49
1.49,1.49,1.44,610,1.49
1.43,1.49,1.42,3126,1.47
1.44,1.44,1.44,556,1.44
1.44,1.44,1.44,157,1.44
1.47,1.47,1.47,5,1.47
1.47,1.47,1.42,1023,1.47
1.46,1.47,1.43,472,1.47
1.43,1.52,1.43,20753,1.5
1.5,1.55,1.47,15897,1.47
1.54,1.54,1.5,10854,1.53
1.56,1.58,1.52,14077,1.58
1.59,1.62,1.58,10778,1.62
1.62,1.64,1.62,8094,1.63
1.63,1.63,1.61,1517,1.63
1.63,1.63,1.57,758,1.63
1.61,1.63,1.61,105,1.63
1.61,1.61,1.55,2761,1.56
1.63,1.63,1.61,8454,1.62
1.56,1.62,1.56,542,1.62
1.62,1.62,1.62,65,1.62
1.55,1.62,1.54,713,1.62
1.62,1.62,1.62,27,1.62
1.62,1.62,1.56,524,1.62
1.62,1.62,1.61,56,1.61
1.6,1.63,1.54,27457,1.62
1.62,1.62,1.56,2281,1.62
1.61,1.62,1.56,15540,1.61
1.6,1.6,1.52,6028,1.54
1.62,1.62,1.56,7385,1.58
1.58,1.61,1.58,1191,1.61
1.6,1.6,1.58,445,1.6
1.61,1.61,1.57,2286,1.57
1.61,1.61,1.52,2040,1.58
1.58,1.58,1.58,130,1.58
1.59,1.59,1.52,5239,1.56
1.56,1.56,1.5,21679,1.55
1.55,1.55,1.54,1238,1.54
1.54,1.54,1.54,2,1.54
1.5,1.54,1.49,13598,1.5
1.49,1.49,1.49,110,1.49
1.49,1.49,1.47,3485,1.49
1.49,1.49,1.46,4269,1.47
1.46,1.46,1.44,13156,1.44
1.44,1.5,1.44,3760,1.47
1.49,1.49,1.48,6721,1.48
1.48,1.48,1.46,8017,1.48
1.49,1.49,1.42,10021,1.47
1.47,1.47,1.45,4126,1.47
1.47,1.6,1.47,42259,1.6
1.59,1.6,1.54,3535,1.59
1.54,1.54,1.52,3642,1.54
1.6,1.6,1.58,2065,1.58
1.55,1.55,1.53,711,1.55
1.6,1.6,1.56,29,1.6
1.6,1.61,1.6,11657,1.6
1.6,1.6,1.6,75,1.6
1.6,1.6,1.55,37,1.55
1.6,1.6,1.56,4986,1.57
1.6,1.6,1.6,15,1.6
1.54,1.55,1.54,2927,1.55
1.55,1.55,1.41,10802,1.53
1.42,1.51,1.42,2716,1.51
1.48,1.5,1.45,2293,1.5
1.46,1.5,1.44,10783,1.5
1.5,1.5,1.5,164,1.5
1.5,1.5,1.5,131,1.5
1.5,1.5,1.44,1499,1.48
1.5,1.5,1.44,1938,1.48
1.48,1.48,1.44,1932,1.45
1.48,1.49,1.45,759,1.47
1.48,1.48,1.48,300,1.48
1.48,1.5,1.48,5129,1.5
1.46,1.49,1.44,1352,1.44
1.48,1.48,1.48,66,1.48
1.48,1.48,1.48,133,1.48
1.43,1.45,1.43,7194,1.43
1.47,1.6,1.47,31842,1.57
1.55,1.55,1.51,613,1.54
1.54,1.54,1.53,59,1.54
1.54,1.54,1.5,553,1.54
1.54,1.54,1.54,53,1.54
1.54,1.58,1.54,354,1.58
1.58,1.58,1.5,1581,1.56
1.57,1.57,1.57,558,1.57
1.55,1.55,1.55,35,1.55
1.55,1.55,1.53,2917,1.53
1.53,1.53,1.53,683,1.53
1.53,1.53,1.47,6102,1.53
1.5,1.5,1.5,13,1.5
1.53,1.53,1.5,282,1.53
1.53,1.53,1.47,451,1.5
1.47,1.47,1.45,2052,1.47
1.47,1.49,1.41,14329,1.44
1.48,1.48,1.42,893,1.48
1.48,1.48,1.43,3508,1.43
1.48,1.48,1.42,331,1.48
1.48,1.49,1.45,1634,1.49
1.49,1.49,1.49,5,1.49
1.48,1.48,1.48,48,1.48
1.41,1.41,1.28,9988,1.39
1.39,1.4,1.35,1067,1.38
1.38,1.38,1.33,2785,1.36
1.36,1.4,1.36,14,1.4
1.4,1.4,1.38,2515,1.4
1.4,1.42,1.4,2513,1.42
1.4,1.48,1.4,6343,1.48
1.47,1.47,1.4,1192,1.47
1.48,1.48,1.4,24669,1.45
1.41,1.48,1.41,6818,1.48
1.48,1.48,1.48,1,1.48
1.46,1.46,1.41,551,1.45
1.45,1.45,1.45,2,1.45
1.45,1.45,1.4,5506,1.41
1.44,1.44,1.4,7507,1.44
1.44,1.44,1.4,10457,1.44
1.4,1.43,1.4,5804,1.43
1.4,1.43,1.4,1571,1.43
1.43,1.44,1.4,5191,1.44
1.44,1.44,1.4,2352,1.44
1.44,1.44,1.4,378,1.43
1.44,1.44,1.4,2615,1.43
1.42,1.42,1.42,62,1.42
1.44,1.44,1.4,277,1.42
1.44,1.44,1.34,2885,1.34
1.44,1.44,1.34,4742,1.4
1.4,1.44,1.4,2286,1.44
1.44,1.44,1.4,7423,1.44
1.44,1.44,1.42,681,1.44
1.44,1.44,1.44,74,1.44
1.44,1.44,1.44,41,1.44
1.44,1.44,1.43,281,1.43
1.44,1.44,1.4,66420,1.44
1.45,1.48,1.44,4354,1.46
1.48,1.48,1.48,2,1.48
1.48,1.48,1.48,2,1.48
1.48,1.48,1.39,4003,1.43
1.43,1.43,1.43,2,1.43
1.43,1.57,1.43,31669,1.54
1.55,1.58,1.4,15019,1.4
1.4,1.49,1.4,915,1.49
1.56,1.56,1.56,10,1.56
1.52,1.52,1.52,60,1.52
1.55,1.55,1.53,199,1.53
1.53,1.53,1.45,2559,1.53
1.53,1.53,1.45,2278,1.52
1.46,1.54,1.45,6366,1.54
1.54,1.54,1.54,16,1.54
1.5,1.5,1.45,273,1.48
1.5,1.5,1.42,2100,1.42
1.49,1.49,1.42,69,1.42
1.49,1.49,1.4,3786,1.48
1.48,1.48,1.45,117,1.45
1.48,1.48,1.48,10,1.48
1.4,1.48,1.39,25982,1.4
1.46,1.46,1.4,946,1.45
1.45,1.45,1.45,18,1.45
1.45,1.45,1.33,3475,1.43
1.45,1.45,1.44,26,1.44
1.44,1.44,1.36,5009,1.44
1.45,1.45,1.45,21,1.45
1.45,1.45,1.42,28,1.42
1.35,1.39,1.31,10404,1.39
1.39,1.47,1.39,5200,1.47
1.46,1.46,1.44,28,1.44
1.38,1.47,1.38,728,1.46
1.46,1.46,1.46,5,1.46
1.46,1.47,1.41,1524,1.47
1.47,1.47,1.35,632,1.37
1.45,1.45,1.41,1485,1.41
1.41,1.47,1.41,4487,1.47
1.47,1.47,1.41,72,1.41
1.36,1.4,1.36,1010,1.4
1.4,1.4,1.35,3046,1.35
1.4,1.4,1.34,1684,1.4
1.4,1.47,1.4,5528,1.45
1.46,1.46,1.45,43,1.45
1.45,1.45,1.45,26,1.45
1.46,1.46,1.45,60,1.45
1.45,1.45,1.45,43,1.45
1.45,1.45,1.45,49,1.45
1.45,1.45,1.38,1233,1.38
1.45,1.45,1.43,3902,1.43
1.45,1.45,1.43,6002,1.45
1.45,1.45,1.36,2269,1.4
1.45,1.45,1.36,10443,1.41
1.41,1.45,1.41,1044,1.45
1.44,1.44,1.44,16,1.44
1.45,1.45,1.45,19,1.45
1.45,1.45,1.45,1059,1.45
1.45,1.45,1.42,104,1.42
1.45,1.45,1.45,70,1.45
1.45,1.45,1.36,452,1.45
1.45,1.45,1.42,946,1.45
1.44,1.44,1.44,4,1.44
1.44,1.44,1.36,5410,1.44
1.43,1.43,1.43,55,1.43
1.43,1.43,1.36,2926,1.43
1.43,1.43,1.43,32,1.43
1.43,1.43,1.36,2489,1.42
1.42,1.42,1.42,46,1.42
1.42,1.42,1.42,4,1.42
1.43,1.43,1.41,146,1.41
1.4,1.4,1.36,391,1.4
1.4,1.45,1.36,45389,1.45
1.45,1.56,1.43,20346,1.43
1.5,1.5,1.42,5470,1.45
1.49,1.49,1.41,2258,1.49
1.49,1.53,1.47,1074,1.53
1.52,1.52,1.44,708,1.5
1.52,1.52,1.44,606,1.51
1.5,1.5,1.5,24,1.5
1.49,1.49,1.44,131,1.44
1.5,1.5,1.37,5713,1.42
1.45,1.59,1.45,27066,1.59
1.58,1.58,1.52,6311,1.57
1.57,1.57,1.52,11484,1.57
1.57,1.57,1.52,3530,1.57
1.58,1.58,1.44,11571,1.56
1.56,1.58,1.53,11677,1.58
1.58,1.58,1.58,15,1.58
1.57,1.57,1.57,154,1.57
1.58,1.58,1.58,2,1.58
1.58,1.58,1.49,4266,1.56
1.57,1.57,1.57,7,1.57
1.52,1.52,1.47,12974,1.5
1.55,1.55,1.45,6604,1.5
1.5,1.5,1.48,52,1.48
1.5,1.5,1.35,13323,1.35
1.36,1.37,1.36,2444,1.37
1.43,1.45,1.43,3400,1.45
1.45,1.49,1.44,1195,1.49
1.49,1.49,1.49,20,1.49
1.49,1.5,1.48,7581,1.48
1.48,1.48,1.48,163,1.48
1.48,1.48,1.4,6439,1.4
1.46,1.46,1.42,395,1.42
1.46,1.46,1.46,17,1.46
1.46,1.47,1.46,824,1.47
1.47,1.47,1.47,66,1.47
1.46,1.46,1.4,1538,1.46
1.46,1.47,1.42,2065,1.47
1.47,1.47,1.42,2086,1.46
1.42,1.46,1.42,3309,1.46
1.46,1.46,1.42,2152,1.46
1.45,1.45,1.45,38,1.45
1.46,1.46,1.46,69,1.46
1.46,1.46,1.42,5002,1.42
1.42,1.54,1.42,24677,1.52
1.52,1.52,1.52,119,1.52
1.52,1.61,1.52,18231,1.55
1.55,1.55,1.45,12233,1.45
1.54,1.54,1.42,4387,1.42
1.49,1.49,1.49,2,1.49
1.48,1.56,1.41,25150,1.56
1.47,1.56,1.47,5466,1.51
1.51,1.57,1.51,16664,1.51
1.54,1.59,1.54,24242,1.59
1.59,1.73,1.59,49903,1.6
1.65,1.74,1.65,13701,1.74
1.73,1.76,1.67,16893,1.73
1.7,1.73,1.7,1075,1.73
1.73,1.73,1.7,4049,1.71
1.72,1.72,1.67,1837,1.67
1.7,1.7,1.64,4524,1.64
1.69,1.69,1.61,2797,1.61
1.68,1.68,1.61,293,1.68
1.68,1.68,1.6,4455,1.66
1.66,1.66,1.58,5413,1.65
1.66,1.66,1.65,707,1.66
1.66,1.66,1.65,1202,1.65
1.66,1.66,1.66,1228,1.66
1.66,1.66,1.6,6915,1.66
1.67,1.67,1.6,16056,1.66
1.65,1.66,1.65,1697,1.66
1.68,1.68,1.68,21,1.68
1.68,1.68,1.65,2934,1.68
1.68,1.71,1.68,869,1.71
1.71,1.71,1.62,10786,1.7
1.71,1.71,1.7,171,1.7
1.71,1.71,1.7,183,1.7
1.7,1.7,1.66,522,1.7
1.66,1.7,1.66,2139,1.7
1.69,1.69,1.56,15424,1.61
1.66,1.66,1.62,3971,1.64
1.65,1.66,1.65,657,1.65
1.62,1.65,1.56,2814,1.65
1.64,1.65,1.64,8310,1.65
1.61,1.66,1.61,558,1.66
1.66,1.66,1.56,3514,1.62
1.57,1.57,1.57,999,1.57
1.6,1.6,1.6,72,1.6
1.6,1.6,1.6,708,1.6
1.55,1.55,1.55,3522,1.55
1.59,1.6,1.59,389,1.6
1.6,1.6,1.56,45,1.6
1.6,1.6,1.56,1802,1.56
1.6,1.6,1.56,1247,1.56
1.6,1.6,1.55,287,1.6
1.6,1.62,1.6,11177,1.62
1.64,1.68,1.61,4024,1.61
1.61,1.66,1.57,10865,1.57
1.64,1.64,1.63,892,1.64
1.63,1.63,1.63,98,1.63
1.63,1.63,1.57,1089,1.57
1.61,1.61,1.61,57,1.61
1.62,1.63,1.6,2225,1.62
1.62,1.62,1.62,277,1.62
1.62,1.64,1.62,1083,1.62
1.64,1.67,1.58,9057,1.61
1.67,1.67,1.58,520,1.58
1.65,1.65,1.53,21544,1.6
1.6,1.6,1.57,8032,1.6
1.6,1.6,1.56,4875,1.56
1.6,1.6,1.56,5004,1.6
1.6,1.6,1.58,162,1.58
1.6,1.6,1.6,37,1.6
1.6,1.6,1.59,1002,1.59
1.6,1.6,1.6,2,1.6
1.55,1.55,1.55,2000,1.55
1.55,1.56,1.55,21,1.56
1.55,1.55,1.46,9390,1.55
1.55,1.55,1.54,5577,1.55
1.59,1.59,1.59,34,1.59
1.59,1.59,1.5,3223,1.5
1.59,1.59,1.59,51,1.59
1.59,1.59,1.59,35,1.59
1.59,1.59,1.59,41,1.59
1.59,1.59,1.59,46,1.59
1.59,1.59,1.56,348,1.59
1.59,1.59,1.59,50,1.59
1.59,1.59,1.59,24,1.59
1.59,1.59,1.59,2,1.59
1.55,1.55,1.55,55,1.55
1.55,1.55,1.55,30,1.55
1.55,1.55,1.5,3011,1.5
1.5,1.55,1.5,255,1.55
1.55,1.55,1.55,1,1.55
1.5,1.55,1.47,1579,1.55
1.52,1.52,1.52,10,1.52
1.5,1.5,1.5,1,1.5
1.5,1.5,1.45,812,1.49
1.49,1.49,1.45,1634,1.49
1.49,1.49,1.41,6557,1.43
1.44,1.44,1.34,10299,1.39
1.39,1.39,1.35,4690,1.39
1.46,1.56,1.46,49208,1.55
1.56,1.6,1.56,11349,1.58
1.58,1.6,1.55,5801,1.6
1.61,1.61,1.55,10108,1.6
1.6,1.6,1.6,62,1.6
1.6,1.6,1.55,11843,1.59
1.59,1.59,1.55,19101,1.56
1.56,1.56,1.55,4955,1.55
1.55,1.55,1.52,2459,1.55
1.55,1.56,1.55,344,1.56
1.56,1.56,1.5,2516,1.55
1.55,1.55,1.51,1699,1.55
1.55,1.6,1.55,6345,1.59
1.59,1.59,1.59,409,1.59
1.59,1.59,1.49,6271,1.54
1.54,1.54,1.51,339,1.54
1.56,1.56,1.51,2565,1.56
1.56,1.56,1.51,633,1.56
1.56,1.56,1.51,576,1.54
1.54,1.54,1.51,3335,1.54
1.54,1.54,1.53,138,1.53
1.53,1.53,1.47,5246,1.53
1.52,1.52,1.48,200,1.52
1.52,1.52,1.48,577,1.51
1.51,1.51,1.42,1399,1.49
1.49,1.49,1.49,54,1.49
1.5,1.5,1.44,1061,1.48
1.48,1.48,1.47,203,1.47
1.47,1.47,1.37,8727,1.47
1.47,1.47,1.47,49,1.47
1.47,1.47,1.4,1905,1.4
1.47,1.47,1.36,127,1.47
1.47,1.47,1.39,1042,1.47
1.47,1.47,1.47,21,1.47
1.47,1.47,1.42,22,1.42
1.42,1.42,1.42,312,1.42
1.42,1.42,1.42,13,1.42
1.42,1.42,1.42,13,1.42
1.42,1.42,1.42,13,1.42
1.42,1.42,1.42,13,1.42
1.37,1.42,1.37,4036,1.42
1.47,1.47,1.4,62,1.47
1.46,1.46,1.46,13,1.46
1.47,1.47,1.44,7157,1.46
1.47,1.47,1.41,1024,1.45
1.45,1.45,1.45,22,1.45
1.45,1.45,1.45,38,1.45
1.45,1.48,1.45,3241,1.48
1.48,1.48,1.48,45,1.48
1.49,1.49,1.47,1023,1.47
1.49,1.5,1.49,842,1.5
1.53,1.53,1.5,83,1.5
1.53,1.55,1.52,2056,1.52
1.55,1.55,1.5,306,1.54
1.54,1.54,1.54,124,1.54
1.55,1.64,1.55,18509,1.64
1.66,1.68,1.66,1428,1.66
1.67,1.68,1.6,10921,1.6
1.63,1.63,1.6,442,1.63
1.52,1.61,1.52,193,1.61
1.61,1.61,1.61,41,1.61
1.61,1.61,1.61,38,1.61
1.6,1.6,1.6,37,1.6
1.61,1.63,1.57,4339,1.63
1.62,1.68,1.52,12143,1.62
1.62,1.62,1.61,5982,1.62
1.68,1.68,1.64,5572,1.67
1.67,1.68,1.67,20,1.68
1.67,1.67,1.62,12261,1.67
1.67,1.67,1.53,9703,1.65
1.66,1.66,1.64,117,1.64
1.64,1.66,1.64,1973,1.65
1.64,1.64,1.62,2815,1.64
1.64,1.64,1.58,2221,1.61
1.61,1.64,1.58,2970,1.64
1.64,1.64,1.64,1021,1.64
1.6,1.66,1.6,1051,1.63
1.63,1.66,1.63,23,1.66
1.66,1.68,1.66,605,1.68
1.68,1.68,1.55,9459,1.6
1.6,1.6,1.55,374,1.6
1.6,1.6,1.55,312,1.6
1.6,1.6,1.5,10785,1.56
1.56,1.56,1.53,2048,1.56
1.56,1.56,1.56,16,1.56
1.56,1.56,1.56,9,1.56
1.56,1.56,1.52,685,1.55
1.56,1.56,1.56,23,1.56
1.56,1.56,1.55,42,1.56
1.56,1.56,1.56,2,1.56
1.54,1.54,1.54,1033,1.54
1.56,1.56,1.54,3240,1.56
1.54,1.54,1.54,1038,1.54
1.56,1.56,1.54,9,1.54
1.56,1.56,1.56,22,1.56
1.56,1.56,1.54,1045,1.54
1.56,1.56,1.54,1018,1.54
1.56,1.6,1.5,1503,1.6
1.6,1.6,1.6,37,1.6
1.6,1.6,1.59,62,1.59
1.6,1.6,1.5,618,1.59
1.6,1.6,1.59,59,1.59
1.6,1.6,1.59,37,1.59
1.6,1.6,1.55,1568,1.59
1.6,1.6,1.49,368,1.59
1.6,1.6,1.54,123,1.54
1.52,1.52,1.49,1174,1.52
1.6,1.6,1.6,26,1.6
1.6,1.6,1.6,41,1.6
1.6,1.6,1.59,36,1.59
1.59,1.59,1.54,211,1.58
1.59,1.59,1.5,1421,1.59
1.59,1.59,1.52,2764,1.58
1.55,1.55,1.52,310,1.55
1.5,1.55,1.5,2101,1.54
1.54,1.54,1.54,45,1.54
1.54,1.54,1.49,1931,1.49
1.47,1.54,1.47,72,1.54
1.54,1.54,1.51,626,1.54
1.54,1.54,1.46,584,1.54
1.54,1.57,1.53,11952,1.57
1.58,1.58,1.58,52,1.58
1.57,1.57,1.54,2533,1.54
1.5,1.54,1.5,4037,1.53
1.53,1.54,1.5,8333,1.5
1.53,1.54,1.53,3386,1.54
1.54,1.54,1.54,59,1.54
1.54,1.54,1.54,51,1.54
1.54,1.54,1.52,287,1.54
