3.0631,3.086,3.0173,3.0554,78530,3
2.9867,3.0554,2.9867,3.0173,128747,3
3.0478,3.0631,3.002,3.0554,81093,3
3.0249,3.0554,2.9867,3.0249,74279,3
3.0249,3.0249,2.9026,3.0173,57919,3
2.9485,2.9791,2.9255,2.9715,39807,3
2.9715,2.9791,2.9103,2.9332,69872,3
2.9026,2.9332,2.788,2.9332,35086,3
2.7958,2.9408,2.7958,2.9408,70253,3
2.9408,2.9408,2.8645,2.8721,49510,3
2.9026,2.9255,2.9026,2.9255,61620,3
2.9255,2.9255,2.8797,2.9026,30718,3
2.9026,3.0478,2.8875,3.0478,88758,3
3.0478,3.0935,2.9867,3.0478,69062,3
3.0478,3.0935,3.0402,3.0554,108555,3
3.0707,3.0707,3.002,3.0554,42658,3
3.0554,3.0554,2.8875,2.8875,33949,3
2.9408,2.9637,2.9026,2.9561,10959,3
2.9178,2.9561,2.9178,2.9255,9638,3
2.9255,2.9255,2.9026,2.9255,6094,3
2.9026,3.002,2.8797,2.9944,32131,3
3.0554,3.1319,2.9408,2.9408,29435,3
2.9408,3.0173,2.9103,2.9103,17000,3
2.9944,2.9944,2.9178,2.9867,48674,3
2.9867,2.9944,2.9103,2.9791,16817,3
2.9791,2.9944,2.9485,2.9867,22440,3
2.9867,3.0478,2.9791,3.0478,69560,3
3.0402,3.0478,3.0249,3.0478,32837,3
3.0478,3.0478,2.9791,3.0478,115669,3
3.0478,3.0478,2.8797,2.9026,26258,3
2.8263,2.9408,2.7958,2.9178,19172,3
2.9026,3.0478,2.9026,2.9485,37087,3
2.9026,3.002,2.9026,2.9791,12369,3
2.8416,2.9561,2.8416,2.9408,40605,3
2.9332,2.9791,2.9178,2.9715,29448,3
2.9791,2.9791,2.9715,2.9715,15510,3
2.9715,3.2081,2.9715,3.1777,190486,3
3.3228,3.3228,3.1548,3.2081,85449,3
3.2235,3.2539,3.1777,3.2081,48242,3
3.2081,3.5137,3.2081,3.3992,118405,3
3.3763,3.4984,3.2158,3.4984,73325,3
3.6589,3.7887,3.5978,3.7887,204793,3
3.8193,3.8881,3.7735,3.7887,132004,3
3.7964,3.8193,3.636,3.8117,89213,3
3.7887,4.0026,3.7887,3.9797,109903,3
4.1477,4.4379,4.0638,4.4379,229222,3
4.8122,4.8199,4.2241,4.4608,151174,3
4.4379,4.4608,4.2547,4.3463,65975,3
4.3387,4.5907,4.3005,4.3234,38892,3
4.3617,4.3617,4.102,4.3157,39205,3
4.2776,4.2776,4.0867,4.1325,78476,3
4.1706,4.2089,3.9797,4.2013,89658,3
4.27,4.27,3.9874,4.1325,55735,3
4.1477,4.2013,3.8423,4.2013,33778,3
4.2013,4.3617,4.1401,4.3234,42267,3
4.354,4.7435,4.354,4.5831,82832,3
4.5831,4.5907,4.4533,4.5525,35363,3
4.4608,4.5678,4.4533,4.4761,49681,3
4.4379,4.5373,4.4303,4.4379,112008,3
4.3998,4.4227,4.2471,4.2624,51497,3
4.3082,4.4227,4.2089,4.2853,65085,3
4.4456,4.7282,4.2853,4.6594,290437,3
4.7817,4.8199,4.5068,4.6977,202216,3
4.7358,4.7358,4.5143,4.5831,55723,3
4.4761,4.5907,4.4608,4.5143,76634,3
4.4761,4.8047,4.4761,4.8047,222055,3
4.8199,4.8505,4.7053,4.7971,96263,3
4.8276,4.8276,4.5373,4.7817,50910,3
4.629,4.7894,4.629,4.7817,36381,3
4.7435,4.7435,4.629,4.7358,9232,3
4.7358,4.7817,4.6365,4.7741,13861,3
4.9345,5.2019,4.9345,5.1254,171472,3
5.2936,5.3547,5.1636,5.2324,73888,3
5.1865,5.2324,5.1712,5.2019,50347,3
5.2248,5.4157,5.2019,5.3547,74736,3
5.4157,5.4998,5.3088,5.3088,115762,3
5.2782,5.3547,5.217,5.3393,68199,3
5.7366,5.7366,5.217,5.3698,82387,3
5.0491,5.7366,5.0491,5.7137,63452,3
5.7137,6.1184,5.7137,6.0116,129257,3
6.0344,6.0344,5.7977,5.8741,66813,3
5.897,6.1184,5.5991,5.622,232111,3
5.7366,5.8129,5.5533,5.6143,48323,3
5.4844,5.7366,5.4693,5.4693,31608,3
5.5839,5.897,5.5839,5.7289,139222,3
5.8129,5.8894,5.5839,5.6983,83826,3
5.8436,5.8436,5.6372,5.7059,29216,3
5.7059,5.7059,5.515,5.6907,37205,3
5.6829,5.6983,5.5455,5.6983,66420,3
5.6983,5.8511,5.6601,5.6907,78007,3
5.7366,5.8129,5.5379,5.6372,73965,3
5.5533,5.6372,5.3851,5.4922,50203,3
5.4386,5.5455,5.4006,5.5073,41441,3
5.5303,5.5839,5.3927,5.5455,38735,3
5.5379,5.5379,5.4157,5.4615,26155,3
5.4386,5.5379,5.3927,5.3927,48661,3
5.4922,5.7289,5.3851,5.6907,63387,3
5.7059,6.0498,5.3851,6.0344,118520,3
6.4241,6.8747,6.3095,6.4852,217581,3
6.4852,6.4852,6.1568,6.233,141916,3
6.1338,6.4241,6.1338,6.3095,123594,3
6.3476,6.4241,6.172,6.4241,124902,3
6.7295,6.7295,6.3171,6.3325,115644,3
6.3782,6.3782,6.0498,6.1873,143052,3
6.1184,6.1184,5.9123,5.9123,69951,3
5.8894,6.1184,5.8206,6.0727,34970,3
6.0803,6.0803,5.8816,5.9427,24728,3
6.1109,6.1109,5.8511,5.9656,61870,3
5.8511,6.2713,5.8358,6.126,62365,3
6.1184,6.1184,5.9656,6.0421,45129,3
5.8894,6.004,5.8129,5.8129,42800,3
5.8053,6.004,5.7366,5.7442,40972,3
5.9123,5.9123,5.6754,5.6754,45170,3
5.7747,5.8129,5.4844,5.4922,58574,3
5.4922,5.5913,5.4922,5.5226,52754,3
5.5991,5.8129,5.5913,5.5991,50923,3
5.7747,5.8511,5.4386,5.7824,59292,3
5.8053,5.8282,5.5991,5.7518,18950,3
5.8053,5.8053,5.5839,5.5839,30092,3
5.5455,5.7366,5.5455,5.6983,28274,3
5.6754,5.6829,5.515,5.6601,45000,3
5.6601,5.7366,5.6067,5.6601,34865,3
5.8436,5.9656,5.7747,5.8587,50050,3
5.7366,5.7366,5.431,5.5455,72031,3
5.5073,5.5073,5.3165,5.431,66106,3
5.5839,5.5913,5.3698,5.4998,18100,3
5.4693,5.622,5.3927,5.5763,28809,3
5.6143,5.6143,5.431,5.431,19040,3
5.5685,5.5685,5.3547,5.4768,15273,3
5.431,5.5455,5.4234,5.5226,16740,3
5.5226,5.5226,5.2782,5.4463,18008,3
5.2782,5.3547,4.9038,4.9038,53696,3
4.9727,4.9727,4.5602,4.8276,112884,3
4.881,4.9651,4.8122,4.9422,42436,3
4.9727,5.263,4.9727,5.2248,19460,3
5.1484,5.1484,4.8199,5.0033,31529,3
5.1179,5.1712,4.9267,4.9267,30471,3
5.0491,5.0491,4.8963,4.9956,5387,3
4.8199,4.9727,4.7053,4.7588,88430,3
4.5143,4.5143,4.0638,4.1325,176232,3
4.0638,4.3617,4.0638,4.2547,108816,3
4.3463,4.354,4.0561,4.3157,29553,3
4.1783,4.186,3.5366,3.9339,120574,3
3.7659,3.9568,3.5595,3.6894,150468,3
3.7659,3.7659,3.4068,3.5672,115200,3
3.1777,3.3533,2.6735,2.8645,244497,3
2.8568,3.0478,2.5436,3.0325,206274,3
3.0935,3.2388,2.8797,2.9332,137023,3
3.002,3.002,2.7499,2.8338,44559,3
2.8645,3.0249,2.7499,2.9255,66602,3
3.0402,3.1319,2.9944,3.0325,68105,3
3.0554,3.1624,3.0173,3.1624,88664,3
3.3992,3.3992,3.2464,3.2693,117596,3
3.2769,3.3305,3.0554,3.1777,67878,3
2.9103,3.1777,2.9103,3.17,74882,3
3.2464,3.3609,3.0173,3.1777,56070,3
3.2617,3.2617,3.086,3.2081,32444,3
3.3152,3.3533,3.2081,3.2693,31476,3
3.3305,3.8193,3.2235,3.7583,123076,3
3.7964,3.7964,3.4374,3.4374,81269,3
3.5137,3.552,3.3609,3.4603,41024,3
3.5137,3.552,3.1548,3.3152,49380,3
3.1395,3.3228,3.0554,3.2081,57675,3
3.2006,3.2847,3.1319,3.2693,41646,3
3.2693,3.2693,3.1624,3.2693,23671,3
3.3457,3.3457,3.1624,3.2769,16325,3
3.4374,3.4374,3.2081,3.2617,35142,3
3.2847,3.2847,3.1166,3.2081,32708,3
3.3076,3.3076,3.1011,3.1319,44025,3
3.2464,3.3609,3.17,3.17,52988,3
3.2006,3.2539,3.17,3.2388,31114,3
3.2006,3.2081,3.1319,3.2081,20081,3
3.17,3.2006,3.0554,3.1624,20592,3
3.1395,3.1395,3.0783,3.1319,6433,3
3.1011,3.1395,2.9791,3.0935,39544,3
3.0325,3.0935,3.0249,3.086,15509,3
3.0173,3.0249,2.9867,3.0249,45066,3
3.0249,3.0249,2.8645,2.9408,29666,3
2.9408,2.9791,2.8263,2.9026,40037,3
2.9103,2.9255,2.8338,2.9026,38314,3
2.9026,3.5137,2.9026,3.4221,333559,3
3.468,3.743,3.2081,3.4755,220369,3
3.4374,3.4374,3.3305,3.3686,34317,3
3.3763,3.3763,3.2464,3.3533,24279,3
3.4984,3.4984,3.3609,3.3915,26196,3
3.445,3.445,3.3763,3.3763,10131,3
3.3763,3.4297,3.2847,3.3609,32431,3
3.3533,3.3533,3.2081,3.2235,53069,3
3.1472,3.3533,3.1472,3.2847,24017,3
3.17,3.2769,3.1472,3.2769,32171,3
3.2464,3.3686,3.2464,3.3076,32622,3
3.3457,3.3457,3.2693,3.2693,10836,3
3.2847,3.2847,3.1319,3.2464,12574,3
3.2464,3.2539,3.17,3.1929,10567,3
3.1929,3.2464,3.1472,3.1624,25232,3
3.2006,3.2311,3.1319,3.1548,26392,3
3.1319,3.1319,3.0173,3.0173,37935,3
3.0249,3.1852,3.0249,3.0554,20695,3
3.1319,3.1319,2.9791,3.0402,5301,3
3.0402,3.1241,2.9408,3.1241,59477,3
3.0173,3.1241,2.9791,3.0478,45551,3
3.0402,3.0707,2.9791,2.9867,35938,3
2.5207,2.5972,2.2991,2.4137,403922,3
2.3679,2.3757,2.0242,2.0624,190496,3
1.9096,2.2075,1.9096,2.1159,142262,3
2.1387,2.1922,2.0013,2.1006,48600,3
2.1159,2.1617,2.0624,2.1463,21347,3
2.1541,2.2075,2.0776,2.2075,32050,3
2.2381,2.2381,2.1006,2.177,33268,3
2.2381,2.2381,2.0624,2.1234,42239,3
2.1846,2.1846,1.9936,2.1159,27191,3
2.0624,2.1387,2.0166,2.0318,24181,3
2.0318,2.0776,1.9784,2.0624,28071,3
1.986,2.0547,1.9096,1.9249,45330,3
1.9096,2.1312,1.7569,2.0624,106249,3
2.0701,2.0776,1.9479,1.963,47919,3
1.9936,2.0701,1.8332,1.8332,40955,3
1.8179,1.9784,1.8179,1.9096,28583,3
1.9402,2.0242,1.9096,2.0242,16713,3
2.0624,2.2075,2.0242,2.2075,60241,3
2.2152,2.4367,2.2152,2.3298,85360,3
2.3679,2.3679,2.1846,2.1846,45494,3
2.1693,2.1693,2.0318,2.1312,13960,3
2.1006,2.2304,2.0624,2.1846,21986,3
2.177,2.2533,2.1082,2.1463,113463,3
2.177,2.2381,2.0624,2.2152,31087,3
2.2152,2.3449,2.2152,2.3449,77163,3
2.3449,2.3449,2.1846,2.322,40074,3
2.177,2.2916,2.177,2.2916,38411,3
2.2916,2.2916,2.1387,2.2075,12604,3
2.2687,2.2687,2.0547,2.1006,66803,3
2.0624,2.0853,1.9936,2.0242,38975,3
1.879,2.0776,1.879,1.986,53176,3
2.0242,2.0624,1.9173,1.9173,61260,3
1.9096,1.9096,1.8332,1.8561,156884,3
1.8561,1.9019,1.8485,1.8561,109394,3
1.9784,2.0624,1.9096,1.9402,40708,3
1.9479,2.0013,1.9096,2.0013,28698,3
1.986,2.0394,1.8485,2.0242,4672,3
1.9707,1.9784,1.9096,1.9784,14303,3
2.0547,2.0547,1.8714,1.9936,1767,3
1.8485,1.9402,1.8103,1.9173,19331,3
1.8485,1.8943,1.8332,1.879,26723,3
1.8332,1.8332,1.7873,1.8256,47410,3
1.8027,1.8714,1.7645,1.8256,21826,3
1.8256,1.8714,1.7645,1.8179,7998,3
1.8103,1.8638,1.6881,1.8103,28505,3
1.7569,1.8103,1.7569,1.7569,18932,3
1.6193,1.8103,1.6193,1.7569,54600,3
1.8103,1.8485,1.7645,1.8332,7922,3
1.8409,1.9402,1.7722,1.8332,8734,3
1.7645,1.7722,1.7569,1.7569,8215,3
1.6957,1.8103,1.6805,1.7569,44940,3
1.7569,1.8332,1.711,1.711,10175,3
1.8179,1.8409,1.7569,1.8332,42219,3
1.8409,1.9096,1.8332,1.8561,16400,3
1.8332,1.8332,1.7873,1.8256,3729,3
1.8485,1.8485,1.795,1.8409,23570,3
1.9096,1.9096,1.8027,1.879,5562,3
1.8714,1.879,1.7645,1.879,12323,3
1.9019,1.9479,1.8103,1.9019,34937,3
1.9784,1.9784,1.8409,1.9326,14728,3
1.9096,1.986,1.8409,1.9019,30608,3
1.879,1.9019,1.8179,1.9019,19458,3
1.7569,1.8714,1.7569,1.8714,28933,3
1.9019,1.9555,1.8714,1.9096,2250,3
1.9402,1.9402,1.9096,1.9096,13554,3
1.9096,1.9707,1.8714,1.9707,3914,3
1.9707,1.9707,1.879,1.879,8536,3
1.963,1.963,1.8561,1.9096,16101,3
1.9096,1.9479,1.9096,1.9096,31873,3
1.9479,2.0089,1.9479,1.986,37195,3
1.986,2.0394,1.986,2.0394,8994,3
1.9936,2.0089,1.986,2.0089,11477,3
2.0624,2.1617,2.0166,2.1159,45408,3
2.0624,2.1312,2.0318,2.1159,12220,3
2.1387,2.1387,2.0089,2.0089,23146,3
2.0394,2.0394,2.0089,2.0242,24272,3
1.986,2.1006,1.986,2.0013,7222,3
1.9936,2.0853,1.986,2.0394,17943,3
1.9936,2.0242,1.9479,1.9479,14302,3
1.9096,1.9096,1.8256,1.9019,5624,3
1.8409,1.8943,1.8409,1.8866,1584,3
1.8332,1.9019,1.8332,1.9019,2736,3
1.9479,1.9479,1.8409,1.8409,3966,3
1.8409,2.0624,1.7569,2.0624,35631,3
2.0166,2.0166,1.9096,2.0166,927,3
1.986,2.0089,1.9096,1.9784,19563,3
1.9096,2.047,1.9096,2.0394,63289,3
2.0624,2.0624,1.9096,1.9707,21613,3
1.9326,1.9784,1.8409,1.963,8182,3
1.8714,1.9173,1.8332,1.8485,36354,3
1.8561,1.8943,1.8027,1.8332,8433,3
1.8332,1.9326,1.8103,1.8866,2762,3
1.8714,1.8866,1.8103,1.8332,6978,3
1.8332,1.8409,1.7798,1.795,38292,3
1.795,1.8485,1.795,1.8485,18538,3
1.8332,1.8866,1.8332,1.8866,8182,3
1.9096,1.963,1.8943,1.8943,29498,3
1.879,2.0089,1.879,1.9479,25737,3
1.795,2.0166,1.795,1.9936,11563,3
2.0089,2.2458,2.0089,2.1922,119772,3
2.2916,2.3298,2.0624,2.1617,76079,3
2.1463,2.1541,2.0624,2.1312,13576,3
2.2075,2.2152,2.1082,2.1846,15302,3
2.2152,2.2458,2.1541,2.2075,32721,3
2.2381,2.2381,2.1387,2.1999,8265,3
2.2152,2.2152,2.1006,2.1846,37853,3
2.1846,2.2228,2.1234,2.1387,14165,3
2.2075,2.2075,2.1159,2.1846,1538,3
2.1006,2.1006,1.9096,1.9784,58668,3
2.0624,2.0624,1.795,1.9555,32744,3
1.963,1.963,1.8638,1.9019,9109,3
1.963,1.963,1.8485,1.9326,2326,3
1.9249,1.9479,1.8332,1.9096,16402,3
1.879,1.8866,1.795,1.8866,20950,3
1.8866,1.8866,1.7645,1.8332,5510,3
1.7569,1.9096,1.7569,1.8332,16463,3
1.8714,1.986,1.8103,1.9326,23969,3
2.0853,2.0853,1.879,1.9479,27711,3
1.9096,1.9479,1.8332,1.9402,15920,3
1.9096,1.9096,1.8332,1.8332,3334,3
1.8714,2.047,1.8103,1.9096,16554,3
1.9326,1.9326,1.8332,1.8638,127264,3
1.8638,1.879,1.8103,1.8714,3819,3
1.8638,1.8638,1.8103,1.8485,10056,3
1.8179,1.8561,1.795,1.795,4111,3
1.8943,1.8943,1.795,1.8256,3188,3
1.8179,1.8256,1.7645,1.8256,2019,3
1.8179,1.8256,1.7798,1.8256,9181,3
1.795,1.795,1.7569,1.795,12717,3
1.8332,1.8332,1.7645,1.8256,3667,3
1.8638,1.8638,1.7645,1.7645,30079,3
1.8027,1.8027,1.6805,1.7798,22433,3
1.711,1.7798,1.6805,1.7798,13211,3
1.7798,1.8561,1.7263,1.8179,1891,3
1.8256,1.8256,1.7645,1.8179,4452,3
1.7645,1.8485,1.7645,1.7722,1971,3
1.8256,1.8256,1.7339,1.7873,3965,3
1.7186,1.8027,1.7186,1.8027,1660,3
1.7645,1.7722,1.7186,1.7339,10656,3
1.7798,1.7798,1.711,1.7339,5792,3
1.7873,1.7873,1.7186,1.7493,1748,3
1.7186,1.7415,1.6881,1.7033,6612,3
1.8027,1.8027,1.7033,1.7722,1114,3
1.7722,1.7722,1.7645,1.7645,159,3
1.7569,1.7569,1.6805,1.6805,2902,3
1.7415,1.7569,1.5887,1.6728,5974,3
1.5277,1.6805,1.5277,1.6575,852,3
1.5277,1.6957,1.5277,1.6957,1697,3
1.7645,1.7645,1.5658,1.6041,4813,3
1.6575,1.7569,1.4971,1.5582,31266,3
1.5429,1.5582,1.4131,1.4437,22565,3
1.4284,1.5277,1.3979,1.4437,17765,3
1.4284,1.5124,1.3368,1.4513,8189,3
1.4513,1.4513,1.4513,1.4513,929,3
1.4666,1.4666,1.375,1.4437,9138,3
1.4437,1.4513,1.3063,1.4437,3142,3
1.4437,1.4742,1.375,1.4437,834,3
1.375,1.4208,1.2375,1.2679,41459,3
1.2299,1.3368,1.2299,1.3368,3872,3
1.3368,1.3368,1.2679,1.2986,8645,3
1.2375,1.3139,1.2222,1.2299,5445,3
1.2909,1.2909,1.2528,1.2679,2139,3
1.2679,1.3139,1.2604,1.2604,9238,3
1.2604,1.2679,1.2604,1.2679,2736,3
1.2299,1.2986,1.2299,1.2604,1761,3
1.2604,1.2604,1.2604,1.2604,523,3
1.2604,1.3368,1.2604,1.3139,9518,3
1.3597,1.3673,1.2986,1.3368,1132,3
1.3597,1.3597,1.2222,1.2604,7516,3
1.2604,1.2986,1.2069,1.2756,8856,3
1.2986,1.2986,1.2604,1.2604,3300,3
1.2604,1.2604,1.2222,1.2299,7195,3
1.2909,1.2909,1.184,1.2069,22124,3
1.2069,1.2679,1.1305,1.2375,6705,3
1.2604,1.3673,1.2604,1.3597,23625,3
1.3597,1.4055,1.3063,1.375,15745,3
1.375,1.4055,1.375,1.4055,1249,3
1.4055,1.4055,1.3215,1.3215,2642,3
1.3292,1.3368,1.2222,1.2986,2132,3
1.2986,1.3368,1.2833,1.2833,2097,3
1.3368,1.375,1.3368,1.375,2023,3
1.3368,1.4055,1.2986,1.3902,5748,3
1.3902,1.4131,1.3368,1.4055,19367,3
1.4055,1.4055,1.2833,1.4055,10063,3
1.4131,1.4131,1.3292,1.3368,8883,3
1.2986,1.4055,1.1993,1.2756,17486,3
1.2375,1.2528,1.2222,1.2528,20658,3
1.2069,1.2299,1.1763,1.2299,8996,3
1.184,1.2604,1.184,1.2375,6786,3
1.2679,1.2679,1.184,1.2222,6548,3
1.2222,1.3139,1.2222,1.2986,7257,3
1.3063,1.3063,1.2604,1.3063,5303,3
1.3063,1.3368,1.2604,1.3292,8527,3
1.2909,1.459,1.2604,1.4513,20365,3
1.4361,1.4513,1.2986,1.2986,5472,3
1.4284,1.4284,1.3063,1.3673,3148,3
1.375,1.4208,1.2909,1.3902,1704,3
1.4131,1.4131,1.2833,1.2909,9588,3
1.3673,1.3673,1.2679,1.3215,20041,3
1.2756,1.3368,1.2375,1.3368,31584,3
1.3368,1.3368,1.2986,1.3292,1610,3
1.3215,1.3215,1.2375,1.3215,127,3
1.3215,1.375,1.3215,1.3673,21925,3
1.375,1.375,1.3215,1.3597,5732,3
1.375,1.375,1.2756,1.3215,33279,3
1.3215,1.3292,1.2986,1.2986,10738,3
1.352,1.352,1.2986,1.3292,10708,3
1.2833,1.3139,1.2451,1.2986,20450,3
1.2986,1.2986,1.2909,1.2909,2749,3
1.352,1.352,1.2833,1.2833,12174,3
1.2756,1.3292,1.2604,1.3292,6730,3
1.3368,1.3368,1.2679,1.2986,4333,3
1.2679,1.2679,1.2604,1.2604,9506,3
1.2604,1.3292,1.2375,1.2986,1506,3
1.2604,1.2604,1.1459,1.2222,29759,3
1.184,1.2222,1.1687,1.1763,30177,3
1.2146,1.2146,1.1459,1.1535,3992,3
1.184,1.2222,1.1687,1.2069,6743,3
1.2069,1.2222,1.1687,1.1687,5262,3
1.1687,1.1687,1.1076,1.1687,6041,3
1.1153,1.1535,1.1153,1.1459,27084,3
1.1305,1.1459,1.0922,1.1459,15726,3
1.1459,1.1459,1.0922,1.0999,16217,3
1.2222,1.2222,1.0771,1.1459,44976,3
1.0618,1.1076,1.0312,1.0847,50891,3
1.184,1.184,1.0694,1.1153,20110,3
1.1228,1.1459,1.1228,1.1459,1964,3
1.1459,1.1459,1.0999,1.1459,943,3
1.1076,1.1917,1.016,1.1305,13715,3
1.0542,1.1228,1.0236,1.1228,9855,3
1.016,1.1153,0.9243,0.9932,23878,3
1.0465,1.1076,1.0465,1.0542,5865,3
0.9932,1.0694,0.9091,0.9854,71570,3
0.9932,1.0542,0.9854,0.9854,5161,3
0.9932,1.0618,0.9932,1.0618,6932,3
1.0007,1.0618,1.0007,1.0083,7568,3
0.9166,0.9932,0.9091,0.9932,26401,3
1.0236,1.0236,1.0236,1.0236,14,3
1.0083,1.0083,0.9548,1.0083,2895,3
1.0389,1.0389,1.0389,1.0389,25,3
0.8861,1.0389,0.8861,0.8937,10187,3
1.0083,1.0083,0.8785,0.9091,8153,3
0.8861,0.9702,0.8861,0.9014,5610,3
0.8632,0.9932,0.8632,0.9777,7560,3
1.0312,1.0312,0.9166,0.9319,13745,3
0.9319,1.0312,0.9319,0.9548,6684,3
0.9932,0.9932,0.9319,0.9319,6663,3
0.9166,0.9932,0.9166,0.9854,1329,3
0.9548,0.9548,0.8097,0.8403,212908,3
0.8556,0.8708,0.7715,0.825,148101,3
0.8556,0.8556,0.7791,0.7868,60200,3
0.7639,0.8097,0.7409,0.8097,43192,3
0.8097,0.8479,0.7639,0.8479,64757,3
0.8097,0.8403,0.7945,0.802,71539,3
0.8174,0.8403,0.7945,0.7945,95298,3
0.7639,0.802,0.7258,0.7945,22145,3
0.8174,0.8403,0.7868,0.8174,22695,3
0.7715,0.825,0.7715,0.802,40320,3
0.8174,0.825,0.7791,0.802,15639,3
0.802,0.802,0.7562,0.7945,1598,3
0.7334,0.825,0.7334,0.802,15378,3
0.8174,0.8174,0.7562,0.802,12182,3
0.8403,0.8556,0.7639,0.7945,81007,3
0.8174,0.8174,0.7562,0.7715,20780,3
0.7562,0.7715,0.7334,0.7715,11542,3
0.7791,0.802,0.7562,0.7715,11364,3
0.7945,0.7945,0.7562,0.7868,2480,3
0.7639,0.7868,0.7486,0.7486,8615,3
0.7409,0.7562,0.7258,0.7486,27052,3
0.7334,0.8174,0.7334,0.8174,191058,3
0.7639,0.9091,0.7639,0.8785,99859,3
0.8937,0.8937,0.8174,0.825,17477,3
0.8403,0.9777,0.8403,0.9472,143721,3
0.9472,0.9854,0.9319,0.9625,26995,3
0.9932,1.0236,0.9625,0.9932,55635,3
1.016,1.0389,1.0083,1.0312,73717,3
1.0312,1.0389,0.9854,1.0389,25023,3
1.0007,1.0007,0.9396,0.9854,86435,3
0.9777,1.0312,0.9777,1.0236,61238,3
1.0312,1.0312,0.9625,1.016,36797,3
0.9854,1.016,0.9777,0.9777,4636,3
1.016,1.016,0.9625,0.9777,10311,3
0.9396,0.9854,0.9396,0.9777,78103,3
0.9854,1.0083,0.9472,1.0083,14824,3
1.0236,1.0236,1.016,1.0236,8914,3
1.0312,1.0465,1.0312,1.0465,2639,3
1.0618,1.0922,1.0618,1.0694,22108,3
1.0999,1.0999,1.0618,1.0922,30990,3
1.0999,1.1076,1.0542,1.0771,51232,3
1.0542,1.0771,1.0236,1.0389,13696,3
1.016,1.0771,1.016,1.0618,7171,3
1.0922,1.0922,0.9932,1.016,15320,3
1.0618,1.0618,0.9777,1.0236,15303,3
0.9932,1.0312,0.9932,1.0312,5022,3
1.0312,1.0389,0.9472,0.9472,13156,3
1.0083,1.0083,0.9396,0.9854,13337,3
1.016,1.016,0.9702,0.9854,6010,3
0.9932,1.0236,0.9777,0.9777,73212,3
1.016,1.0236,0.9777,0.9777,42852,3
1.0236,1.0312,0.9777,1.0083,90037,3
1.0465,1.0922,1.0083,1.0922,50759,3
1.0694,1.1763,1.0465,1.1763,117301,3
1.2146,1.2909,1.1459,1.2146,75510,3
1.2146,1.2604,1.1535,1.2375,25534,3
1.2756,1.3215,1.1687,1.2069,54656,3
1.184,1.2069,1.1228,1.1612,43547,3
1.1687,1.1687,1.0847,1.1076,34023,3
1.0694,1.1305,0.9472,0.9472,101667,3
0.9932,1.1535,0.9625,1.1382,101735,3
1.2146,1.2833,1.1917,1.2756,103481,3
1.2833,1.3292,1.1612,1.184,161668,3
1.184,1.2299,1.0999,1.0999,96769,3
1.0922,1.1687,1.0922,1.1687,25764,3
1.1459,1.1687,1.1228,1.1459,59298,3
1.0922,1.1687,1.0694,1.1076,101070,3
1.0465,1.1076,1.0083,1.0236,59919,3
1.0236,1.0465,0.9548,0.9932,88483,3
1.0312,1.0312,0.9702,0.9777,50375,3
0.9702,1.0083,0.9396,0.9625,72370,3
0.9854,1.0312,0.9396,1.0236,33005,3
1.0236,1.0922,1.0007,1.0694,33884,3
1.0618,1.0694,0.9932,1.0618,19483,3
1.0542,1.0847,0.9932,1.0389,19375,3
1.0389,1.0618,0.9548,1.016,19484,3
1.0312,1.0312,0.9548,0.9548,69240,3
0.9702,0.9702,0.9166,0.9472,33207,3
0.8937,0.9625,0.8937,0.9319,25594,3
0.9548,1.0007,0.9396,0.9854,59101,3
0.9932,1.0007,0.9396,0.9777,41993,3
0.9243,0.9777,0.9166,0.9702,35465,3
0.9548,0.9777,0.8937,0.8937,35104,3
0.9091,0.9319,0.8937,0.9319,47709,3
0.9548,0.9548,0.8785,0.9319,32607,3
0.9319,0.9396,0.8632,0.9091,61828,3
0.9091,0.9091,0.8708,0.8861,58873,3
0.8708,0.8708,0.8479,0.8708,30184,3
0.8632,0.9396,0.8632,0.9014,5529,3
0.9014,0.9548,0.8937,0.9548,25734,3
0.9472,0.9777,0.9166,0.9548,24107,3
0.9319,0.9548,0.9243,0.9548,23172,3
0.9777,0.9777,0.9166,0.9319,14935,3
0.9243,1.0618,0.9091,1.0389,45872,3
1.0999,1.1228,1.0847,1.0999,72033,3
1.0999,1.1382,1.0922,1.1382,99603,3
1.1305,1.1305,1.0694,1.0847,50516,3
1.1076,1.1459,1.0847,1.1228,85214,3
1.1228,1.1612,1.1076,1.1305,131846,3
1.1228,1.1612,1.0999,1.1459,160317,3
1.1612,1.2146,1.1535,1.2146,88088,3
1.2222,1.2528,1.1612,1.2451,51144,3
1.1993,1.2528,1.184,1.2069,65363,3
1.184,1.2222,1.1687,1.2069,72881,3
1.1687,1.2528,1.1459,1.2528,227307,3
1.2451,1.2756,1.1993,1.1993,37603,3
1.2528,1.3902,1.2069,1.3063,219096,3
1.3063,1.52,1.3063,1.4131,461986,3
1.4895,1.6346,1.4284,1.5887,116507,3
1.6422,1.7415,1.5353,1.6652,196819,3
1.6652,1.7493,1.6575,1.7186,59686,3
1.7873,1.7873,1.52,1.6728,115434,3
1.6805,1.6805,1.5277,1.5277,61246,3
1.6193,1.6805,1.4742,1.6575,24977,3
1.627,1.711,1.6193,1.6957,61834,3
1.7033,1.7186,1.6805,1.7186,39404,3
1.6422,1.7415,1.6422,1.7339,84158,3
1.7339,1.7493,1.711,1.711,24228,3
1.711,1.7263,1.6499,1.7263,50192,3
1.7493,1.8714,1.7493,1.8714,70107,3
1.8714,1.9096,1.8409,1.9019,68323,3
1.8714,1.986,1.7569,1.986,65448,3
1.9019,2.0166,1.8943,1.9936,83471,3
1.9249,2.1006,1.9249,2.1006,71438,3
2.1234,2.1463,2.0394,2.0394,55484,3
2.093,2.2458,2.0624,2.1463,96026,3
2.2152,2.2381,2.1387,2.177,267194,3
2.2152,2.2304,2.1387,2.1999,183894,3
2.1999,2.1999,2.0624,2.1234,106991,3
2.093,2.1387,2.0776,2.1234,86653,3
2.1541,2.1922,2.093,2.1617,33900,3
2.0242,2.1159,1.9936,2.0242,52212,3
2.0853,2.177,2.0701,2.093,65183,3
2.1312,2.1312,2.0776,2.1006,35151,3
2.177,2.177,2.0242,2.0242,31774,3
2.0242,2.0242,1.8332,1.8485,103386,3
1.8409,1.9096,1.8179,1.8485,36196,3
1.8179,1.8332,1.7493,1.7798,37136,3
1.8332,1.9096,1.8027,1.8561,16547,3
1.8638,1.8943,1.795,1.8179,30164,3
1.8624,1.8624,1.6448,1.79,43095,3
1.8256,1.8332,1.7722,1.7798,27637,3
1.7873,1.795,1.7186,1.7569,22804,3
1.711,1.711,1.6422,1.6728,75520,3
1.7339,1.7339,1.711,1.711,33351,3
1.7569,1.7645,1.711,1.711,51046,3
1.8943,1.8943,1.7798,1.8179,26446,3
1.8866,1.8943,1.8179,1.8409,36217,3
1.8866,1.9019,1.8866,1.9019,13558,3
1.8714,1.9096,1.8714,1.9096,45532,3
1.9096,1.9096,1.8714,1.8866,28252,3
1.8866,1.9096,1.8103,1.8714,30754,3
1.8332,1.8332,1.7873,1.8027,18614,3
1.8638,1.8638,1.7873,1.8332,3314,3
1.8409,1.8409,1.7186,1.7263,34901,3
1.8409,1.8409,1.711,1.8027,50952,3
1.7569,1.7873,1.6805,1.7569,30110,3
1.7569,1.7798,1.7263,1.7798,13378,3
1.6206,1.79,1.6206,1.79,7856,3
1.7255,1.79,1.7255,1.7819,29031,3
1.806,1.8142,1.7415,1.8142,3723,3
1.8142,1.9028,1.7577,1.8222,35670,3
1.7577,1.7577,1.6609,1.6771,37595,3
1.7577,1.7737,1.7173,1.7737,7227,3
1.7737,1.7819,1.7496,1.7819,5865,3
1.7658,1.7658,1.7415,1.7415,6125,3
1.6851,1.806,1.6609,1.7737,10245,3
1.7737,1.8544,1.6931,1.8142,4338,3
1.7335,1.8302,1.7335,1.8302,8500,3
1.7577,1.7577,1.7335,1.7335,15988,3
1.6609,1.6931,1.6529,1.6529,10344,3
1.7173,1.7173,1.6126,1.669,48543,3
1.6931,1.7013,1.6126,1.6529,76895,3
1.6206,1.6771,1.6126,1.669,55722,3
1.6367,1.6367,1.6126,1.6126,10378,3
1.6529,1.6609,1.6126,1.6126,32579,3
1.6206,1.6367,1.6126,1.6126,19324,3
1.6045,1.6126,1.5803,1.5803,34770,3
1.5885,1.6448,1.5321,1.6367,21379,3
1.6529,1.6771,1.5803,1.6367,35416,3
1.6367,1.6851,1.6367,1.6851,6353,3
1.6771,1.7173,1.6448,1.7013,42844,3
1.7013,1.7093,1.6448,1.7013,23769,3
1.6851,1.6851,1.6286,1.6286,31168,3
1.7093,1.7173,1.6206,1.6771,33087,3
1.6851,1.6851,1.6126,1.669,28129,3
1.6529,1.6529,1.6045,1.6126,15182,3
1.6126,1.7013,1.6126,1.6931,31835,3
1.7255,1.7255,1.6126,1.6286,77045,3
1.6367,1.6448,1.5965,1.6448,21183,3
1.6126,1.7093,1.6045,1.7093,63267,3
1.7173,1.806,1.7173,1.7819,47902,3
1.806,1.806,1.6367,1.7255,21983,3
1.7013,1.8383,1.7013,1.7979,25034,3
1.8383,1.8383,1.7415,1.7658,15883,3
1.7415,1.8302,1.7415,1.79,18445,3
1.8142,1.8142,1.7737,1.806,13817,3
1.7737,1.806,1.7415,1.806,12075,3
1.806,1.8383,1.7979,1.8383,39610,3
1.8544,1.8787,1.8302,1.8787,40692,3
1.9351,1.9351,1.9028,1.9189,22836,3
1.9189,1.927,1.8706,1.8948,57887,3
1.8706,1.8706,1.7255,1.806,32860,3
1.8142,1.8142,1.7658,1.7737,25582,3
1.7819,1.7819,1.7577,1.7658,19189,3
1.7577,1.7737,1.7496,1.7658,11372,3
1.7415,1.7415,1.6529,1.6931,34525,3
1.5321,1.6126,1.5321,1.5723,25893,3
1.6126,1.6126,1.5723,1.6126,7181,3
1.6206,1.6851,1.6206,1.6609,5842,3
1.6609,1.7577,1.6286,1.7496,12749,3
1.7658,1.8302,1.7335,1.79,14678,3
1.7819,1.79,1.7577,1.7658,12607,3
1.7737,1.7737,1.6286,1.669,14036,3
1.6771,1.7255,1.6529,1.7255,2236,3
1.6609,1.7255,1.6045,1.6045,17357,3
1.6126,1.7335,1.6126,1.7335,22465,3
1.7577,1.7577,1.6206,1.6851,39759,3
1.6609,1.6771,1.6286,1.669,17800,3
1.6529,1.6931,1.5643,1.5965,62322,3
1.5965,1.6448,1.54,1.6126,65307,3
1.6206,1.6367,1.5643,1.6367,37846,3
1.6367,1.6448,1.6206,1.6367,17795,3
1.6126,1.6529,1.6126,1.6529,21050,3
1.6771,1.6931,1.6448,1.6609,21010,3
1.6448,1.6851,1.6448,1.6448,10809,3
1.6529,1.806,1.6367,1.7577,273601,3
1.7819,1.7979,1.7173,1.7173,69030,3
1.7093,2.0641,1.7093,1.8948,653054,3
1.8544,1.9674,1.8302,1.9189,122667,3
1.9753,1.9995,1.8706,1.9593,93795,3
1.9915,2.2011,1.9915,2.2011,95601,3
2.1446,2.4189,2.1205,2.4189,207594,3
2.4189,2.6366,2.4027,2.5478,195398,3
2.5558,2.7011,2.5398,2.5398,184139,3
2.6042,2.8623,2.4673,2.7011,175840,3
2.6851,2.8059,2.5318,2.7575,79976,3
2.7897,2.8623,2.6769,2.8623,65651,3
2.8704,2.9994,2.8704,2.9833,83516,3
3.0237,3.1446,2.8623,3.0397,201831,3
2.9833,3.1203,2.9509,3.0801,111653,3
3.1203,3.1203,2.822,2.8704,85628,3
2.8301,2.8704,2.7171,2.8623,110956,3
2.8945,3.0558,2.7656,3.0397,47515,3
2.9188,3.0478,2.8623,2.9833,107672,3
2.9752,2.9752,2.9026,2.943,15362,3
2.943,3.0074,2.822,2.9349,30875,3
2.9188,3.0154,2.8059,3.0074,159623,3
3.0237,3.2252,3.0074,3.1848,148938,3
3.3704,3.3704,3.2332,3.3461,83043,3
3.3058,3.467,3.2412,3.4026,34433,3
3.3784,3.5478,3.3058,3.5234,47543,3
3.5234,3.5234,3.3704,3.467,30878,3
3.4348,3.5396,3.3219,3.33,100067,3
3.4268,3.4268,3.1848,3.33,38830,3
3.3058,3.338,3.2332,3.33,32958,3
3.33,3.3622,3.2494,3.3622,31602,3
3.3622,3.467,3.2655,3.459,21233,3
3.314,3.4993,3.3058,3.3704,22229,3
3.2976,3.3461,3.2332,3.2332,17352,3
3.0719,3.3704,2.822,3.3219,58076,3
3.3058,3.3058,3.209,3.2735,3958,3
3.2897,3.2897,3.1929,3.2412,2759,3
3.209,3.209,3.1848,3.209,2606,3
3.1767,3.1767,3.0638,3.1203,12610,3
3.0478,3.1446,2.822,3.1446,16927,3
3.1042,3.2252,2.9833,3.2171,56076,3
3.0478,3.3058,3.0478,3.2011,42943,3
3.1687,3.1687,3.1446,3.1607,1341,3
3.1446,3.5798,3.1446,3.5798,137552,3
3.6283,3.7089,3.467,3.467,38568,3
3.3704,3.6283,3.3704,3.5557,20299,3
3.5638,3.7089,3.5316,3.6848,59673,3
3.6283,3.7171,3.5396,3.7171,60489,3
3.7251,3.7251,3.4913,3.5074,14926,3
3.5074,3.5074,3.33,3.4913,8335,3
3.3541,3.4913,3.33,3.4751,19963,3
3.5316,3.5638,3.4268,3.5154,9903,3
3.467,3.5154,3.3864,3.3864,6711,3
3.3864,3.4268,3.3864,3.4268,2486,3
3.459,3.459,3.3058,3.3864,2836,3
3.2976,3.3784,3.2976,3.3622,4620,3
3.2655,3.338,3.1607,3.2494,10762,3
3.2252,3.3058,3.2252,3.3058,15688,3
3.2252,3.3864,3.2252,3.3058,21162,3
3.3541,3.3541,3.1848,3.3461,35945,3
3.2252,3.314,3.1446,3.2655,11310,3
3.1042,3.2816,3.0397,3.0719,20303,3
2.943,3.1446,2.943,3.1283,9954,3
3.1042,3.1767,3.1042,3.1365,1761,3
2.9188,3.0478,2.9026,2.9026,9460,3
2.9913,3.0154,2.9026,3.0154,22603,3
3.0962,3.2171,2.9833,3.1687,21857,3
3.338,3.338,3.1687,3.2575,20277,3
3.1767,3.33,3.1767,3.33,10774,3
3.1848,3.3058,3.1848,3.2252,3627,3
3.1929,3.2976,3.1365,3.2897,16090,3
3.314,3.314,3.1607,3.2252,7814,3
3.1526,3.209,3.1446,3.209,8129,3
3.1929,3.1929,3.1042,3.1767,5496,3
3.0801,3.2252,3.0638,3.2252,24806,3
3.2171,3.3704,3.1123,3.3704,48403,3
3.2252,3.4913,3.2252,3.4509,79623,3
3.3864,3.4832,3.33,3.467,35375,3
3.4751,3.4751,3.2494,3.3704,66790,3
3.2575,3.459,3.1687,3.1687,22752,3
3.1848,3.2332,3.1123,3.2171,23659,3
3.1123,3.1283,2.8945,2.8945,116466,3
2.8544,2.9509,2.814,2.9268,26768,3
2.8461,2.959,2.814,2.8623,27609,3
2.761,2.9157,2.761,2.9157,3223,3
2.9188,2.9673,2.7736,2.9673,18206,3
2.9026,3.0478,2.9026,3.0154,8383,3
2.9509,3.0154,2.9509,3.0154,4271,3
3.0154,3.0397,2.8623,2.8785,19637,3
2.822,2.8945,2.7415,2.8945,15299,3
2.7656,2.9188,2.7495,2.7575,29754,3
2.8704,2.8704,2.693,2.7816,13552,3
2.7897,2.838,2.7736,2.822,5623,3
2.6851,2.814,2.5478,2.6527,45669,3
2.5398,2.8544,2.4673,2.838,32001,3
2.6687,2.9673,2.6687,2.9349,53189,3
2.8059,2.9268,2.7575,2.9026,10790,3
2.822,3.0074,2.814,3.0074,16852,3
3.0074,3.0719,2.8945,2.9833,75375,3
2.9833,3.0719,2.838,3.0397,34037,3
3.0397,3.0719,2.822,2.8301,33954,3
2.9108,2.9108,2.7736,2.8461,12219,3
2.7736,2.8623,2.7575,2.8623,8665,3
2.8623,2.8945,2.7011,2.7011,22720,3
2.7091,2.814,2.7091,2.7575,4615,3
2.7575,2.8785,2.7575,2.8785,19874,3
2.8945,3.0154,2.7979,2.9752,22412,3
2.8785,3.0558,2.8785,3.0558,20515,3
2.8785,3.1446,2.8785,3.1446,15029,3
3.1687,3.1848,3.0638,3.0638,18607,3
3.1203,3.1203,2.9994,3.0397,4322,3
2.9349,3.0317,2.9108,2.9188,4963,3
2.943,3.1607,2.9349,3.1607,25171,3
3.0558,3.2252,3.0558,3.2171,29622,3
3.209,3.2252,3.1446,3.2011,46943,3
3.2252,3.2252,3.0962,3.2011,29047,3
3.1848,3.1929,3.1123,3.1767,11052,3
3.2171,3.2494,3.1607,3.2412,44296,3
3.2252,3.2494,3.1526,3.2252,10950,3
3.2412,3.2494,3.2252,3.2412,9541,3
3.2252,3.338,3.1767,3.3058,53944,3
3.2976,3.2976,3.0074,3.1283,47530,3
3.1446,3.1687,3.0074,3.0638,9239,3
3.0638,3.0638,2.822,2.8623,128750,3
2.9108,2.9268,2.8623,2.8623,37892,3
2.9188,2.9188,2.822,2.9026,5086,3
2.9026,2.9026,2.7252,2.7252,91221,3
2.7285,2.8261,2.6389,2.8099,81318,3
2.8059,2.9188,2.7011,2.9188,38866,3
2.8704,2.943,2.822,2.822,17099,3
2.5882,2.822,2.5882,2.8059,37461,3
2.7011,2.7011,2.5558,2.5558,176246,3
2.6123,2.6366,2.3624,2.4834,135349,3
2.3866,2.4349,2.177,2.4349,378334,3
2.3383,2.5721,2.314,2.5398,159797,3
2.5237,2.7091,2.5237,2.7091,122456,3
2.7333,2.8544,2.6205,2.8544,162618,3
2.7011,2.943,2.7011,2.9349,146825,3
2.8945,2.9994,2.8623,2.9994,103900,3
3.0074,3.1123,2.943,3.1123,69209,3
3.0317,3.2332,3.0317,3.2171,131095,3
3.2252,3.3058,2.9913,3.0882,82790,3
3.1845,3.1845,3.0216,3.1438,35128,3
3.0719,3.0882,3.0237,3.0237,11943,3
3.0237,3.0478,2.9108,3.0478,12773,3
2.8785,3.0478,2.8544,3.0317,57859,3
3.0397,3.0397,2.7656,2.959,52270,3
2.9401,3.1438,2.8995,3.1356,45199,3
3.0478,3.1365,2.9673,3.0962,14061,3
2.9509,3.1446,2.9509,3.0397,38190,3
2.8704,2.9026,2.7011,2.7495,99883,3
2.6607,2.7415,2.4913,2.4913,179545,3
2.4189,2.814,2.4189,2.814,158012,3
2.8461,3.0237,2.8059,2.9994,83410,3
2.9994,3.1283,2.9509,3.1042,94314,3
3.1042,3.1042,2.9994,3.0638,17136,3
3.0638,3.0962,2.9913,2.9994,13474,3
2.959,2.959,2.8461,2.9188,42755,3
2.9349,2.9509,2.8623,2.8623,11383,3
2.8059,2.9349,2.8059,2.9349,21144,3
2.8461,2.9268,2.822,2.8865,10635,3
2.822,3.0478,2.822,3.0237,84404,3
2.943,3.1929,2.943,3.1687,109125,3
3.1283,3.1687,3.0882,3.1526,24631,3
3.1526,3.1848,2.9994,3.1042,71025,3
3.1365,3.1365,2.9026,3.0317,89685,3
2.9833,3.0638,2.9833,3.0317,19913,3
3.0299,3.0543,2.8995,2.989,33821,3
3.0299,3.0299,2.818,2.8669,63758,3
2.8587,3.0705,2.8587,3.0705,30220,3
2.932,3.16,2.932,3.1519,86627,3
3.1356,3.2171,3.1031,3.2171,85277,3
3.2415,3.331,3.2089,3.2904,73047,3
3.2009,3.2904,3.2009,3.2742,9479,3
3.2742,3.2742,3.1764,3.2742,24054,3
3.2742,3.2742,3.1438,3.2578,22319,3
3.2333,3.2333,3.1031,3.1031,12399,3
3.1764,3.1764,3.0299,3.1276,20753,3
3.16,3.1764,3.0623,3.1764,33408,3
3.1682,3.1682,3.0948,3.0948,4442,3
3.0543,3.1764,3.0134,3.1764,15348,3
3.1356,3.1356,3.1031,3.1356,2296,3
3.1356,3.2415,3.1356,3.2333,47333,3
3.2415,3.2496,3.1764,3.2415,13375,3
3.1927,3.2333,3.0543,3.2253,45533,3
3.2253,3.2253,3.0543,3.2171,245596,3
3.2171,3.2578,3.2009,3.2333,166812,3
3.16,3.2415,3.0543,3.1356,45979,3
3.1696,3.2204,3.0593,3.1356,23593,3
3.2009,3.2171,3.1356,3.1356,4003,3
3.1764,3.1764,3.0134,3.1031,28252,3
3.1031,3.1031,2.8505,2.8751,190045,3
2.9157,3.0623,2.9157,3.0299,38643,3
2.9484,3.0379,2.9484,3.0053,3214,3
3.0053,3.0379,2.9076,2.9566,37219,3
2.9728,3.0623,2.9076,3.0623,67911,3
3.0461,3.0948,3.0461,3.0867,5838,3
3.0543,3.0543,2.9157,2.9646,122287,3
2.9646,3.0134,2.9646,2.9646,9954,3
2.9972,3.0053,2.9728,3.0053,2203,3
2.9646,3.0053,2.8505,2.9157,142588,3
2.9809,3.0134,2.932,2.9972,34808,3
2.989,3.0216,2.9566,3.0134,18671,3
2.9728,3.0134,2.932,2.932,42326,3
2.9809,2.989,2.8505,2.9076,112204,3
2.9076,2.9728,2.8505,2.9728,108350,3
2.9728,3.0705,2.9728,2.9728,123829,3
3.0299,3.0299,2.8913,2.8913,162108,3
2.9566,2.9646,2.8669,2.9157,35773,3
2.9484,2.9484,2.8343,2.8913,72788,3
2.8669,2.9076,2.8505,2.9076,6018,3
2.8995,2.9646,2.8505,2.8587,101017,3
2.8913,2.8913,2.6877,2.704,208810,3
2.761,2.8018,2.6062,2.6551,375908,3
2.7122,2.7122,2.5574,2.5818,105553,3
2.59,2.6551,2.5247,2.6389,81803,3
2.6551,2.7285,2.6062,2.7285,20733,3
2.704,2.704,2.5737,2.6389,65137,3
2.6225,2.6957,2.59,2.6795,27231,3
2.6062,2.704,2.5737,2.704,42791,3
2.6225,2.6714,2.6062,2.647,15434,3
2.647,2.6714,2.6144,2.6225,10201,3
2.6225,2.6551,2.59,2.6551,9700,3
2.647,2.647,2.59,2.6389,17144,3
2.6551,2.6551,2.598,2.6389,15390,3
2.6308,2.6308,2.59,2.59,11667,3
2.6144,2.7122,2.6144,2.6714,42014,3
2.6714,2.6714,2.6225,2.647,18759,3
2.6633,2.6877,2.6225,2.6551,14237,3
2.6551,2.6714,2.598,2.6389,11543,3
2.6389,2.6633,2.5574,2.6633,19504,3
2.647,2.6714,2.6308,2.6633,11920,3
2.661,2.6696,2.6187,2.661,7673,3
2.6551,2.6551,2.4923,2.5247,61005,3
2.5329,2.598,2.5329,2.5818,31527,3
2.5737,2.5737,2.419,2.4433,206557,3
2.4352,2.4923,2.2642,2.2804,210483,3
2.3049,2.3782,2.1583,2.2967,188975,3
2.37,2.4841,2.3619,2.4597,96838,3
2.5247,2.5247,2.4841,2.4841,54600,3
2.4923,2.5247,2.4514,2.5167,86871,3
2.5167,2.5167,2.3131,2.476,52824,3
2.4514,2.476,2.4108,2.4678,38972,3
2.476,2.476,2.4027,2.419,31492,3
2.3946,2.4108,2.3537,2.4108,15331,3
2.3375,2.419,2.2398,2.3375,53667,3
2.3375,2.3375,2.199,2.2723,156397,3
2.2723,2.3131,2.2071,2.3131,31952,3
2.3131,2.3131,2.248,2.2723,24639,3
2.2642,2.2804,2.2235,2.2235,16190,3
2.2235,2.256,2.1665,2.2316,19649,3
2.199,2.199,2.1583,2.1746,25784,3
2.1746,2.2398,2.1338,2.2398,19099,3
2.2398,2.3131,2.2153,2.2642,33212,3
2.2723,2.2967,2.256,2.2723,11112,3
2.2642,2.3049,2.2642,2.3049,5207,3
2.3131,2.3537,2.3131,2.3375,4812,3
2.3537,2.4108,2.3537,2.4027,34176,3
2.4108,2.427,2.3863,2.4108,34934,3
2.419,2.4352,2.3946,2.4108,15763,3
2.3863,2.3946,2.2723,2.3863,4619,3
2.3619,2.3863,2.3375,2.3863,16811,3
2.3782,2.3782,2.2804,2.3619,16355,3
2.3049,2.3537,2.3049,2.3375,4129,3
2.3457,2.3457,2.2967,2.2967,10753,3
2.2886,2.3131,2.2804,2.2804,14016,3
2.248,2.248,2.1827,2.1909,21794,3
2.1827,2.2398,2.1502,2.199,21104,3
2.1827,2.248,2.1827,2.2398,6176,3
2.2398,2.3619,2.2153,2.2886,13403,3
2.2316,2.2886,2.2316,2.2886,5096,3
2.2804,2.2967,2.2398,2.2804,18197,3
2.2804,2.2804,2.248,2.2642,6693,3
2.2642,2.2804,2.2398,2.256,19798,3
2.248,2.3049,2.248,2.248,22323,3
2.2458,2.2713,2.2204,2.2713,10916,3
2.2804,2.2804,2.2642,2.2804,10770,3
2.2804,2.3213,2.2642,2.3213,19381,3
2.3131,2.3619,2.3131,2.3619,13802,3
2.37,2.4027,2.3293,2.3619,9855,3
2.3619,2.3619,2.2804,2.3049,19885,3
2.2967,2.3213,2.2804,2.2804,15059,3
2.3049,2.3375,2.2642,2.3293,23601,3
2.3375,2.3457,2.3375,2.3457,1317,3
2.3457,2.3457,2.199,2.2398,12524,3
2.2235,2.2886,2.1338,2.2153,36444,3
2.199,2.199,2.1746,2.1909,5268,3
2.1827,2.1827,2.0606,2.1094,52331,3
2.1257,2.1257,2.0199,2.028,32920,3
2.0199,2.1094,1.9954,2.0524,26249,3
2.0524,2.0524,1.8732,1.9873,68759,3
1.9547,1.9628,1.8814,1.9628,13491,3
1.9547,2.0361,1.9547,1.9954,20015,3
1.9954,1.9954,1.9303,1.9954,9551,3
2.0117,2.0117,1.9384,1.9547,7929,3
1.9577,2.0169,1.9577,2.0085,8940,3
2.0117,2.1502,2.0117,2.1502,37773,3
2.142,2.199,2.0687,2.1583,23816,3
2.1338,2.1583,2.1257,2.1502,11696,3
2.1338,2.142,2.1094,2.1094,7863,3
2.1013,2.1583,2.085,2.1013,7404,3
2.0361,2.1502,2.0361,2.085,13683,3
2.1175,2.1175,2.0442,2.085,6647,3
2.0687,2.1013,1.9547,2.0361,33729,3
2.0199,2.028,1.9547,2.028,24155,3
1.9628,2.0687,1.9465,2.0361,21643,3
2.0199,2.028,1.9465,1.9709,30380,3
1.9465,2.0199,1.9465,2.0199,4849,3
1.9709,2.0199,1.9709,2.0199,4235,3
2.0199,2.0199,1.9792,1.9792,9801,3
1.9792,1.9792,1.9628,1.9792,8600,3
1.9628,1.9873,1.9628,1.9873,11683,3
1.9792,1.9792,1.9303,1.9709,15251,3
1.9709,1.9954,1.9384,1.9709,15286,3
1.9384,1.9465,1.8814,1.8895,66802,3
1.8052,1.9831,1.8052,1.9831,12207,3
1.9407,1.9831,1.9238,1.9831,10803,3
1.9831,1.9831,1.9661,1.9831,3651,3
2.0117,2.0117,2.0036,2.0036,455,3
1.9954,2.028,1.9954,2.028,3852,3
2.0199,2.0199,1.9222,1.9222,6633,3
1.9303,2.0036,1.9303,2.0036,1597,3
1.9222,1.9547,1.8325,1.8977,59361,3
1.8814,1.8977,1.8163,1.8977,14735,3
1.8651,1.9303,1.8651,1.9303,3231,3
1.8732,1.9222,1.8732,1.8977,6756,3
1.8407,1.9384,1.8407,1.9384,8555,3
1.8814,1.9222,1.8732,1.9222,7625,3
1.8732,1.9384,1.8407,1.914,18477,3
1.914,1.9465,1.8814,1.8895,5712,3
1.8814,1.8814,1.8325,1.8732,18031,3
1.8732,1.8732,1.7999,1.8081,26846,3
1.8325,1.8488,1.8081,1.8488,11606,3
1.8325,1.914,1.8244,1.8651,13138,3
1.8651,1.8651,1.8244,1.857,8475,3
1.8163,1.9303,1.8163,1.8651,6720,3
1.8163,1.9954,1.8163,1.9384,28447,3
1.8728,2.0254,1.8728,2.0169,21264,3
1.9873,2.2316,1.9628,2.2316,66662,3
2.2153,2.2642,2.1175,2.256,46152,3
2.256,2.256,2.1583,2.2153,7311,3
2.1665,2.2398,2.1338,2.2316,16890,3
2.1257,2.2316,2.1257,2.2153,1289,3
2.1338,2.2153,2.1338,2.199,3045,3
2.142,2.1827,2.142,2.1746,4218,3
2.199,2.2153,2.1257,2.1909,20999,3
2.1257,2.1909,2.1257,2.1909,806,3
2.1257,2.1909,2.1257,2.1909,27,3
2.1909,2.1909,2.0606,2.0687,23813,3
2.0606,2.1175,2.0524,2.1175,2993,3
2.0606,2.142,2.0606,2.142,455,3
2.0361,2.1338,2.0361,2.0932,3849,3
2.0361,2.142,1.9954,2.0361,16092,3
2.0036,2.0687,2.0036,2.0687,7602,3
2.0442,2.1094,2.0442,2.1094,867,3
2.0769,2.1257,2.0036,2.085,38854,3
2.0199,2.085,2.0199,2.0199,4514,3
2.0169,2.0169,1.9831,2.0001,4965,3
1.9709,2.0442,1.9628,2.0442,7251,3
1.9709,2.0606,1.9709,2.0606,3148,3
1.9873,2.0606,1.9873,2.0524,380,3
1.9873,2.1013,1.9873,2.0932,37349,3
2.0442,2.0524,1.9792,1.9954,13651,3
1.9792,2.0769,1.9792,2.0361,3932,3
2.0361,2.0361,1.9873,1.9873,4155,3
2.0199,2.0199,1.9792,2.0199,3138,3
1.9709,2.0117,1.9384,2.0117,1780,3
1.9465,1.9465,1.8895,1.9222,8853,3
1.8895,2.0117,1.8895,1.9873,4243,3
1.9831,1.9831,1.9831,1.9831,430,3
1.8977,1.9873,1.8895,1.9384,3818,3
1.8977,1.9792,1.8814,1.8895,10656,3
1.9465,1.9709,1.9465,1.9709,2615,3
1.914,1.9709,1.914,1.9709,14,3
1.9709,1.9709,1.9709,1.9709,1875,3
1.9792,1.9792,1.8895,1.9709,21864,3
1.9303,1.9954,1.9303,1.9873,9055,3
1.9384,1.9792,1.9384,1.9384,4357,3
1.9323,1.9747,1.9323,1.9661,2904,3
1.9628,2.0117,1.9547,1.9954,4668,3
1.9954,2.1909,1.9954,2.1909,13408,3
2.1187,2.161,2.0848,2.1526,12418,3
2.1338,2.1583,2.1175,2.1502,3092,3
2.1175,2.142,2.1175,2.142,995,3
2.0524,2.142,2.0524,2.142,504,3
2.1094,2.1338,2.085,2.1257,1890,3
2.0509,2.1187,2.0424,2.1187,638,3
2.0524,2.0932,1.9873,2.0932,1541,3
2.0199,2.0932,2.0199,2.0442,1713,3
1.9628,2.0606,1.9628,1.9792,7230,3
2.1094,2.1094,2.1094,2.1094,13,3
1.9709,2.085,1.9709,2.085,4850,3
1.9873,2.0687,1.9873,2.0606,1141,3
1.9792,2.0769,1.9792,2.0199,5305,3
2.0361,2.1013,2.0361,2.085,9433,3
2.0339,2.1018,2.0339,2.0933,3077,3
2.0932,2.1502,2.0036,2.142,6330,3
2.0339,2.1442,2.0339,2.0339,6073,3
2.0339,2.1187,2.0339,2.0763,3647,3
2.0763,2.1102,2.0339,2.0593,4993,3
2.0606,2.1094,2.0199,2.1094,2542,3
2.1187,2.1187,2.0339,2.0763,9860,3
2.0509,2.0679,2.0169,2.0679,4400,3
2.0169,2.0763,1.9831,2.0763,8664,3
1.9831,2.0339,1.9747,2.0169,8143,3
1.9747,1.9831,1.9323,1.9831,16168,3
1.8814,1.9577,1.8644,1.8814,22847,3
2.0339,2.0339,1.8644,1.8728,8164,3
1.9661,1.9661,1.8306,1.9492,2586,3
1.9492,1.9492,1.856,1.9492,2422,3
1.9323,1.9323,1.9238,1.9323,1888,3
1.8898,1.9323,1.8898,1.9323,2153,3
1.8644,1.9153,1.8306,1.9153,2386,3
1.8644,1.9153,1.8306,1.9153,6148,3
1.9407,1.9407,1.8391,1.9153,1679,3
1.8391,1.9238,1.8221,1.8644,4213,3
1.8644,1.9068,1.7203,1.8983,11359,3
1.8898,1.8898,1.7542,1.7542,63478,3
1.7712,1.7797,1.6187,1.6441,84065,3
1.6441,1.695,1.6187,1.695,27604,3
1.6526,1.7288,1.6101,1.6696,52189,3
1.6696,1.7373,1.6696,1.678,4154,3
1.6611,1.7203,1.6611,1.7203,8052,3
1.695,1.695,1.678,1.695,808,3
1.678,1.695,1.678,1.678,3463,3
1.695,1.695,1.678,1.6865,635,3
1.6611,1.6611,1.6271,1.6526,8075,3
1.6441,1.6441,1.6101,1.6441,4084,3
1.6356,1.6865,1.6101,1.6865,2098,3
1.6101,1.6865,1.6101,1.6865,1003,3
1.6865,1.6865,1.6865,1.6865,118,3
1.6101,1.6865,1.6101,1.6865,2970,3
1.6271,1.6865,1.6271,1.6865,2450,3
1.6101,1.6696,1.5763,1.6696,12431,3
1.5763,1.6526,1.5763,1.6441,3374,3
1.6441,1.6441,1.6441,1.6441,23,3
1.5763,1.6271,1.5763,1.6271,2902,3
1.5509,1.6101,1.5509,1.5594,1060,3
1.5594,1.6187,1.5509,1.6017,3786,3
1.5509,1.6187,1.5339,1.5847,3401,3
1.5678,1.6017,1.5678,1.6017,3775,3
1.5594,1.6017,1.5594,1.6017,554,3
1.5594,1.6017,1.4915,1.517,12607,3
1.5001,1.5678,1.4915,1.5255,6522,3
1.4915,1.5255,1.4915,1.5255,1668,3
1.4915,1.4915,1.4069,1.4069,11749,3
1.4069,1.5001,1.3899,1.4746,4570,3
1.3899,1.4915,1.356,1.4576,1854,3
1.3729,1.4406,1.3729,1.4406,2501,3
1.3729,1.3729,1.3475,1.356,14275,3
1.356,1.4746,1.356,1.4406,8052,3
1.356,1.4492,1.356,1.4492,2218,3
1.356,1.4406,1.356,1.4406,9151,3
1.3984,1.4322,1.3644,1.4322,1164,3
1.3729,1.4238,1.3306,1.4238,1071,3
1.3475,1.4322,1.3136,1.3729,29858,3
1.3136,1.3644,1.3136,1.356,380,3
1.2711,1.356,1.2204,1.356,12800,3
1.2544,1.3475,1.2544,1.2797,1953,3
1.2374,1.2711,1.1865,1.2034,34481,3
1.1017,1.2119,1.0679,1.0848,6550,3
1.0848,1.0848,0.9746,1.0593,21248,3
1.0848,1.0848,1.0339,1.0339,23415,3
0.9577,1.0763,0.9577,1.0763,14471,3
1.0339,1.1949,1.0339,1.1949,51064,3
1.1949,1.339,1.1356,1.339,18938,3
1.2627,1.356,1.2627,1.356,17535,3
1.2711,1.3729,1.1949,1.3729,90186,3
1.2797,1.5255,1.2797,1.5255,16684,3
1.5255,1.6526,1.4831,1.6526,32167,3
1.6441,1.7034,1.6101,1.6865,141477,3
1.5933,1.7458,1.5933,1.7458,70083,3
1.7458,1.8644,1.6865,1.8644,57057,3
1.8644,1.9661,1.8052,1.9153,80132,3
1.9492,2.0848,1.9153,2.0763,80245,3
2.1102,2.1442,1.9068,1.9407,67163,3
1.9407,1.9407,1.678,1.6865,68026,3
1.6696,1.7712,1.6441,1.7712,32854,3
1.7034,1.7712,1.6696,1.6696,27501,3
1.678,1.7288,1.6441,1.695,42431,3
1.6865,1.7288,1.5339,1.6101,106476,3
1.6187,1.6187,1.517,1.517,83176,3
1.6441,1.6441,1.5847,1.5847,2537,3
1.6271,1.6441,1.6271,1.6441,708,3
1.5425,1.7373,1.5425,1.7203,37038,3
1.7119,1.8136,1.6526,1.8136,26984,3
1.7288,1.9407,1.7119,1.8983,27419,3
1.9068,2.0169,1.8136,1.9407,38476,3
1.8475,2.0085,1.8475,1.9492,13592,3
1.9492,1.9831,1.7203,1.8136,91061,3
1.7119,1.8475,1.695,1.695,20419,3
1.678,1.678,1.517,1.6017,60134,3
1.4831,1.6017,1.4831,1.5933,7469,3
1.5933,1.6017,1.4831,1.6017,7142,3
1.5425,1.5425,1.4915,1.5425,10844,3
1.5509,1.6101,1.5509,1.6101,4737,3
1.6101,1.6101,1.6101,1.6101,3068,3
1.5339,1.5678,1.4492,1.5594,23181,3
1.5001,1.5509,1.4831,1.5425,3431,3
1.5425,1.5425,1.5425,1.5425,316,3
1.4069,1.5085,1.3814,1.3814,80041,3
1.3984,1.3984,1.2458,1.2711,59870,3
1.339,1.339,1.1949,1.2544,64406,3
1.2711,1.3814,1.2374,1.356,18230,3
1.4238,1.4238,1.2797,1.2797,14320,3
1.2711,1.2711,1.1525,1.2711,35735,3
1.2288,1.2797,1.2204,1.2627,15628,3
1.2119,1.2374,1.1611,1.2374,18262,3
1.2034,1.2544,1.1695,1.2544,10222,3
1.1695,1.2034,1.1525,1.1865,37622,3
1.1525,1.2119,1.1186,1.178,62887,3
1.1271,1.1525,1.1017,1.1356,39193,3
1.0763,1.1695,1.0763,1.1611,7874,3
1.1695,1.1695,1.1186,1.1611,19290,3
1.1695,1.2119,1.1525,1.1611,8606,3
1.1611,1.1611,1.1102,1.1441,24589,3
1.1611,1.2119,1.1186,1.2119,17025,3
1.2458,1.2627,1.2119,1.2627,9899,3
1.2288,1.2627,1.1525,1.1695,52908,3
1.1695,1.1865,1.0848,1.1017,62217,3
1.0933,1.1102,1.0848,1.0848,11122,3
1.1017,1.1695,1.1017,1.1356,19231,3
1.1441,1.1865,1.1441,1.1441,17368,3
1.1271,1.1611,1.1271,1.1356,5074,3
1.1441,1.1865,1.1271,1.1271,25467,3
1.1611,1.1611,1.1611,1.1611,59,3
1.1695,1.1865,1.1695,1.1865,33039,3
1.1865,1.1865,1.1525,1.178,4401,3
1.1865,1.1865,1.1611,1.1611,4263,3
1.1441,1.1441,1.1102,1.1356,6325,3
1.1102,1.1271,1.0848,1.0933,14672,3
1.1017,1.1017,1.1017,1.1017,1770,3
1.1102,1.1102,1.1102,1.1102,826,3
1.1017,1.1441,1.1017,1.1441,6477,3
1.1102,1.1525,1.1102,1.1525,4011,3
1.1525,1.1611,1.0933,1.1525,6780,3
1.1186,1.1525,1.1017,1.1525,9030,3
1.1102,1.1525,1.1102,1.1441,1408,3
1.1525,1.1525,1.1017,1.1102,5731,3
1.0933,1.1441,1.0933,1.1441,2100,3
1.1271,1.1271,1.0848,1.0848,8260,3
1.1356,1.1356,1.1356,1.1356,259,3
1.0933,1.1356,1.0933,1.1356,3138,3
1.0763,1.1356,1.0763,1.1356,238,3
1.1271,1.1271,1.1271,1.1271,1180,3
1.0763,1.1186,1.0763,1.1186,7318,3
1.0763,1.0763,1.0254,1.0763,4897,3
1.0424,1.0763,1.0424,1.0763,1240,3
1.0763,1.1017,1.0763,1.0933,6962,3
1.0763,1.1356,1.0679,1.1356,11092,3
1.0933,1.2034,1.0933,1.2034,17518,3
1.1102,1.1271,1.0848,1.0848,14030,3
1.1441,1.1441,1.0593,1.0593,12646,3
1.0593,1.0593,1.0593,1.0593,13,3
1.0254,1.1017,1.0254,1.1017,3540,3
1.1017,1.1017,1.1017,1.1017,944,3
1.0593,1.0593,1.0593,1.0593,354,3
1.0679,1.0679,1.0085,1.0679,10796,3
1.0848,1.1356,1.0848,1.1271,8280,3
1.0763,1.1441,1.0763,1.1271,10690,3
1.0848,1.0848,1.0848,1.0848,17581,3
1.0848,1.1102,1.0593,1.1102,4614,3
1.0593,1.1102,1.0593,1.1102,2123,3
1.1186,1.1356,1.1186,1.1356,2517,3
1.1356,1.1356,1.1017,1.1017,8286,3
1.0848,1.0848,1.0593,1.0679,23160,3
1.0679,1.1271,1.0593,1.1271,11778,3
1.0933,1.1356,1.0679,1.0679,8753,3
1.0763,1.0848,1.0763,1.0763,14858,3
1.1017,1.2119,1.0933,1.1695,57332,3
1.1695,1.1695,1.1271,1.1441,67651,3
1.1441,1.1611,1.1356,1.1441,11747,3
1.1441,1.1525,1.1017,1.1271,34734,3
1.1186,1.1611,1.1186,1.1441,5310,3
1.1611,1.3475,1.1611,1.3475,121615,3
1.339,1.4406,1.339,1.3899,107348,3
1.3899,1.3899,1.2544,1.3051,61320,3
1.3136,1.356,1.2881,1.3136,11885,3
1.2881,1.3814,1.2881,1.3814,15048,3
1.3306,1.3306,1.3136,1.3136,7432,3
1.2881,1.2966,1.2374,1.2881,18666,3
1.2627,1.356,1.2458,1.356,27156,3
1.356,1.3984,1.3051,1.3984,23485,3
1.356,1.3899,1.356,1.3899,15147,3
1.356,1.3729,1.3136,1.3729,13482,3
1.3136,1.4746,1.3136,1.4238,75574,3
1.4238,1.4238,1.339,1.3729,30982,3
1.356,1.4069,1.3051,1.3899,21442,3
1.322,1.322,1.2711,1.2711,196425,3
1.2797,1.3051,1.2627,1.2627,33226,3
1.2711,1.2711,1.2458,1.2627,11563,3
1.2627,1.2627,1.2204,1.2458,4089,3
1.2458,1.2797,1.2374,1.2544,5310,3
1.2881,1.2966,1.2034,1.2374,21319,3
1.2034,1.2288,1.1695,1.2204,25835,3
1.1865,1.2544,1.1865,1.2544,11127,3
1.2544,1.2544,1.1865,1.2288,10432,3
1.2544,1.2544,1.2544,1.2544,13,3
1.1949,1.2288,1.1865,1.2288,1204,3
1.1865,1.2544,1.178,1.2544,9096,3
1.2034,1.2458,1.1865,1.2458,15736,3
1.2034,1.2288,1.1949,1.2288,4489,3
1.1865,1.2288,1.1865,1.2288,1290,3
1.2288,1.2544,1.2288,1.2544,6395,3
1.2034,1.2458,1.2034,1.2458,1227,3
1.2034,1.2374,1.1949,1.2204,4165,3
1.2374,1.2458,1.1949,1.2458,5227,3
1.1949,1.2374,1.1865,1.2288,13438,3
1.1865,1.2204,1.1695,1.2204,4071,3
1.1695,1.2119,1.1271,1.2034,4685,3
1.1271,1.178,1.1017,1.1441,22662,3
1.1102,1.1525,1.1017,1.1525,10963,3
1.1271,1.1695,1.1271,1.1695,2405,3
1.1271,1.1695,1.0679,1.1695,12485,3
1.0763,1.1611,1.0679,1.1525,1358,3
1.0848,1.1525,1.0763,1.1525,486,3
1.1525,1.1525,1.0848,1.1271,11479,3
1.1271,1.1611,1.0933,1.1525,5794,3
1.1271,1.1271,1.0763,1.1271,2435,3
1.0679,1.0763,1.0085,1.0085,71052,3
1.0424,1.0593,1,1.0593,11269,3
1.0424,1.0933,1.0424,1.0848,9458,3
1.0848,1.0848,1.0424,1.0763,2525,3
1.0763,1.0933,1.0593,1.0848,25605,3
1.0933,1.0933,1.0933,1.0933,5,3
1.0933,1.1017,1.0339,1.0848,12426,3
1.0763,1.0763,0.983,1.017,3029,3
0.983,1.0593,0.983,1,1081,3
1.0085,1.0254,0.983,1.0254,3630,3
1.0593,1.0593,0.9746,1.0509,9277,3
1.0085,1.0593,0.9746,1.0339,14910,3
0.983,1.0254,0.9746,1.0254,2943,3
0.9746,1.0254,0.9661,1.0254,6861,3
1.0254,1.0254,1,1.0254,5252,3
1.017,1.017,1,1.0085,3034,3
1,1.0339,0.9661,1.0339,14227,3
0.9916,1.017,0.9916,1.017,1216,3
1.0085,1.017,0.9492,0.9916,19796,3
1.0085,1.0085,1.0085,1.0085,236,3
1.0085,1.0085,0.9322,1.0085,6642,3
0.9322,1.0085,0.9322,1.0085,7495,3
0.9407,1.0085,0.9407,1.0085,395,3
0.9407,1,0.9153,0.9916,3800,3
0.983,0.9916,0.983,0.9916,1770,3
0.9746,0.983,0.9577,0.983,10986,3
0.9153,0.9153,0.9153,0.9153,1,3
1,1,0.9746,0.9746,245,3
0.9916,0.9916,0.983,0.983,829,3
0.9916,1.0085,0.9916,1.0085,34006,3
1.017,1.1102,0.9746,1.1102,25582,3
1.1017,1.1017,1.1017,1.1017,13,3
1.0933,1.0933,1.0933,1.0933,83,3
1.0593,1.0933,1.0593,1.0933,5416,3
1.0424,1.0679,1.0254,1.0254,731,3
1.0679,1.1102,1.0679,1.1102,16495,3
1.0933,1.1271,1.0085,1.1271,26654,3
1.1271,1.1356,1.1271,1.1356,2490,3
1.1186,1.1356,1.1186,1.1356,464,3
1.1356,1.1441,1.1017,1.1017,4720,3
1.0933,1.1356,1.0933,1.1356,413,3
1.1017,1.1525,1.0763,1.1271,11717,3
1.0933,1.1102,1.0679,1.1102,4795,3
1.1102,1.1102,1.0763,1.1017,497,3
1.0848,1.1017,1.0679,1.1017,3258,3
1.0679,1.0933,1.0679,1.0933,118,3
1.0679,1.0933,1.017,1.017,4154,3
1.0848,1.0848,1.0848,1.0848,23,3
1,1.0679,1,1.0679,1249,3
1.0339,1.0509,1.017,1.0509,3622,3
0.9916,1.0424,0.9746,1.0424,4602,3
0.983,1.0424,0.9492,0.9577,9169,3
0.9492,1,0.9492,0.983,5196,3
0.9492,0.9577,0.9492,0.9577,1614,3
0.9407,1,0.9407,1,1304,3
0.9492,1,0.9492,1,731,3
0.9492,0.9916,0.9492,0.9916,827,3
0.9238,0.9492,0.9068,0.9068,2095,3
0.9068,0.983,0.9068,0.983,613,3
1.017,1.017,0.9068,1,779,3
0.9068,0.9322,0.839,0.839,72131,3
0.839,0.9153,0.8305,0.9153,2844,3
0.8136,0.8559,0.8052,0.8474,14453,3
0.839,0.8474,0.8305,0.8305,3540,3
0.8305,0.8305,0.822,0.822,3128,3
0.7966,0.822,0.7966,0.822,6726,3
0.8474,0.8984,0.7882,0.839,2068,3
0.8474,0.8474,0.8305,0.8305,1617,3
0.8644,0.8644,0.7627,0.8136,23436,3
0.7627,0.8052,0.7543,0.8052,22156,3
0.839,0.8814,0.839,0.8814,1722,3
0.8305,0.8305,0.8305,0.8305,59,3
0.8305,0.8305,0.7797,0.7797,1003,3
0.8305,0.8305,0.822,0.8305,10312,3
0.8644,0.8898,0.822,0.8898,6785,3
0.8898,0.8898,0.8474,0.8474,1298,3
0.8474,0.8474,0.8136,0.8474,1947,3
0.8474,0.8474,0.8474,0.8474,1816,3
0.8474,0.8474,0.8474,0.8474,1228,3
0.8136,0.8136,0.8052,0.8052,2951,3
0.8136,0.8474,0.8136,0.8474,1770,3
0.8474,0.8474,0.8136,0.8474,9380,3
0.7882,0.839,0.7712,0.7712,9417,3
0.822,0.822,0.822,0.822,1144,3
0.7712,0.839,0.7712,0.839,1535,3
0.822,0.822,0.7627,0.8136,11121,3
0.8136,0.8305,0.7882,0.8305,19578,3
0.7882,0.7882,0.7882,0.7882,3540,3
0.7627,0.822,0.7627,0.822,8378,3
0.8052,0.8052,0.7712,0.7882,2448,3
0.7882,0.7882,0.7882,0.7882,1180,3
0.8052,0.8474,0.8052,0.822,7758,3
0.7882,0.7882,0.7797,0.7797,4720,3
0.7882,0.7882,0.7627,0.7627,19454,3
0.7627,0.822,0.7627,0.8052,18627,3
0.7712,0.7882,0.7627,0.7627,10086,3
0.822,0.822,0.7797,0.7797,18823,3
0.7882,0.9492,0.7627,0.9492,98303,3
0.9153,0.9916,0.8729,0.9238,80971,3
0.9322,0.9322,0.8814,0.9068,26277,3
0.8898,0.9238,0.8474,0.8984,25416,3
0.8136,0.8136,0.8136,0.8136,3004,3
0.8052,0.8052,0.8052,0.8052,2100,3
0.8052,0.8052,0.7882,0.7882,7342,3
0.822,0.822,0.822,0.822,488,3
0.7882,0.8305,0.7882,0.8305,4005,3
0.8305,0.8305,0.7966,0.7966,28977,3
0.822,0.822,0.7882,0.8052,4748,3
0.822,0.822,0.8052,0.822,3255,3
0.8305,0.8305,0.7712,0.7712,19801,3
0.7966,0.8052,0.7797,0.7882,12973,3
0.7966,0.8052,0.7627,0.7882,36721,3
0.822,0.822,0.822,0.822,5,3
0.7712,0.7882,0.7712,0.7882,19858,3
0.7966,0.822,0.7797,0.7966,2154,3
0.8305,0.8305,0.7882,0.8052,39819,3
0.7882,0.8136,0.7882,0.7882,2339,3
0.7882,0.7882,0.7882,0.7882,1138,3
0.8305,0.8305,0.7797,0.8305,8498,3
0.7797,0.822,0.7797,0.822,7025,3
0.8305,0.8898,0.8136,0.8729,88750,3
0.8814,0.8898,0.8474,0.8729,5946,3
0.8898,0.8898,0.8474,0.8814,2960,3
0.8814,0.9068,0.8729,0.9068,11026,3
0.9238,0.9238,0.8729,0.9153,2540,3
0.9153,0.9492,0.8729,0.9322,33925,3
0.9407,0.9407,0.8814,0.9322,5120,3
0.9238,0.9238,0.8898,0.9238,980,3
0.9238,0.9238,0.8644,0.9153,3573,3
0.9068,0.9068,0.8305,0.8814,20062,3
0.8729,0.8814,0.8474,0.8474,15605,3
0.8474,0.8474,0.8305,0.8305,3559,3
0.8474,0.8474,0.8474,0.8474,868,3
0.8474,0.8474,0.8136,0.839,20066,3
0.839,0.839,0.8136,0.839,26317,3
0.839,0.8898,0.839,0.8898,17241,3
0.8898,0.8984,0.8559,0.8984,7006,3
0.9068,0.9492,0.9068,0.9492,13731,3
0.9407,0.9407,0.9407,0.9407,381,3
0.9492,0.9492,0.9238,0.9407,5634,3
0.9407,0.9407,0.8984,0.9322,5229,3
0.9068,0.9238,0.8729,0.9238,15195,3
0.8729,0.9068,0.8644,0.9068,4796,3
0.8644,0.8984,0.8559,0.8898,1479,3
0.8898,0.8898,0.8729,0.8729,1635,3
0.8898,0.9661,0.8898,0.9661,22150,3
0.9661,0.9661,0.9238,0.9577,618,3
0.9577,0.9577,0.9322,0.9492,3672,3
0.9492,0.9577,0.9322,0.9577,771,3
0.9577,0.9577,0.9322,0.9492,3189,3
0.9577,0.9577,0.9238,0.9492,3827,3
0.9661,0.9661,0.9407,0.9492,287,3
0.9492,0.9492,0.9492,0.9492,21,3
0.9492,0.9492,0.9492,0.9492,6,3
0.9492,0.9492,0.8984,0.9407,2748,3
0.9407,0.9407,0.8814,0.9322,1134,3
0.9238,0.9238,0.8474,0.8984,12530,3
0.8474,0.8729,0.822,0.822,24725,3
0.822,0.8984,0.8136,0.8814,33586,3
0.8644,0.8644,0.7966,0.822,52162,3
0.8052,0.8052,0.7458,0.7458,73418,3
0.7627,0.7797,0.7543,0.7627,10874,3
0.7543,0.8136,0.7543,0.8136,17169,3
0.8136,0.8136,0.7966,0.8136,1645,3
0.7966,0.7966,0.7966,0.7966,1870,3
0.8052,0.8052,0.8052,0.8052,15,3
0.8052,0.8474,0.8052,0.8136,12611,3
0.8305,0.8305,0.8305,0.8305,3613,3
0.8305,0.8305,0.8052,0.822,2424,3
0.822,0.822,0.8136,0.822,2720,3
0.822,0.839,0.822,0.839,8732,3
0.839,0.839,0.839,0.839,24,3
0.839,0.8729,0.822,0.8474,13168,3
0.8474,0.8814,0.8474,0.8814,10355,3
0.8814,0.9238,0.8644,0.9068,19654,3
0.8898,0.9068,0.8644,0.8898,17826,3
0.8984,0.9068,0.8644,0.8984,14710,3
0.8984,0.8984,0.8644,0.8644,1854,3
0.8898,0.9322,0.8898,0.9153,22296,3
0.9238,0.9238,0.9238,0.9238,5,3
0.9153,0.9238,0.9153,0.9238,9918,3
0.9238,0.9322,0.8984,0.9153,15531,3
0.8814,0.9153,0.8814,0.9153,6670,3
0.9153,0.9238,0.9068,0.9238,4615,3
0.9238,0.9238,0.8898,0.8898,1304,3
0.9153,0.9153,0.8559,0.8559,1666,3
0.8984,0.8984,0.8729,0.8898,4781,3
0.8984,0.8984,0.8984,0.8984,1175,3
0.9153,0.9153,0.9153,0.9153,35,3
0.9153,0.9153,0.8729,0.9153,27,3
0.9153,0.9153,0.9068,0.9068,20,3
0.9153,0.9153,0.9153,0.9153,6,3
0.9153,0.9153,0.9153,0.9153,4,3
0.8559,0.8984,0.8559,0.8984,958,3
0.8984,0.9153,0.8984,0.9068,16722,3
0.9153,0.9322,0.9153,0.9238,8501,3
0.9238,0.9238,0.8814,0.9238,2370,3
0.8984,0.9068,0.8729,0.9068,1437,3
0.9068,0.9068,0.9068,0.9068,218,3
0.9068,0.9153,0.8898,0.8898,4459,3
0.9153,0.9153,0.8644,0.8984,2153,3
0.9068,0.9068,0.8559,0.8898,6125,3
0.8892,0.8892,0.8892,0.8892,20,3
0.8814,0.8898,0.8729,0.8898,1871,3
0.9068,0.9068,0.9068,0.9068,2019,3
0.9068,0.9068,0.8729,0.9068,491,3
0.9068,0.9068,0.8729,0.9068,605,3
0.9068,0.9068,0.9068,0.9068,18,3
0.9068,0.9068,0.8814,0.8814,785,3
0.9068,0.9153,0.8984,0.9153,4254,3
0.9238,1.0424,0.9068,1.0424,55877,3
1.0679,1.1695,0.9746,1.0593,113236,3
1.0679,1.1186,0.9916,1.0339,27560,3
1,1.017,0.9746,1.0085,19760,3
0.983,0.983,0.9322,0.9492,25046,3
0.9407,0.9577,0.9407,0.9577,4938,3
0.9238,0.9577,0.9153,0.9492,13806,3
0.9492,0.9492,0.8984,0.9238,4663,3
0.8898,0.9153,0.8644,0.9068,9237,3
0.9068,0.9068,0.8644,0.8984,157,3
0.8984,0.8984,0.8474,0.8898,3028,3
0.9068,0.9068,0.8559,0.8898,856,3
0.8559,0.8984,0.8052,0.8984,13055,3
0.8474,0.8814,0.8474,0.8474,4176,3
0.8474,0.8814,0.8305,0.8729,2622,3
0.8898,0.8984,0.8898,0.8898,8264,3
0.8305,0.8814,0.8305,0.8814,1791,3
0.8814,0.9068,0.839,0.8898,7982,3
0.8474,0.9068,0.8474,0.9068,9,3
0.9068,0.9153,0.8559,0.9153,3805,3
0.9068,0.9322,0.8984,0.9322,5829,3
0.9322,0.9322,0.9322,0.9322,1185,3
1.0085,1.0085,0.8898,0.9238,2990,3
0.9153,0.9153,0.8898,0.9068,127,3
0.9068,0.9068,0.8984,0.8984,595,3
0.8898,0.8898,0.8898,0.8898,3,3
0.8984,0.8984,0.8984,0.8984,5,3
0.8984,0.8984,0.8559,0.8984,1185,3
0.8559,0.8898,0.8474,0.8898,4932,3
0.8814,0.8814,0.8814,0.8814,24,3
0.8814,0.8814,0.8814,0.8814,18,3
0.8898,0.8898,0.8474,0.8898,103,3
0.8892,0.8982,0.8443,0.8443,5935,3
0.8984,0.8984,0.8305,0.8814,2372,3
0.8814,0.8814,0.8814,0.8814,9,3
0.8814,0.8814,0.839,0.8814,475,3
0.8814,0.8814,0.8729,0.8729,22,3
0.8814,0.8898,0.8474,0.8898,2839,3
0.8559,0.8814,0.839,0.8729,14164,3
0.8729,0.8729,0.839,0.8729,199,3
0.8729,0.8729,0.839,0.8729,278,3
0.8729,0.983,0.8729,0.9577,54641,3
0.9407,0.9746,0.9322,0.9661,5169,3
0.9661,0.9661,0.9068,0.9492,84,3
0.9322,0.9322,0.9322,0.9322,180,3
0.9322,0.9322,0.8898,0.9322,3502,3
0.9322,0.9577,0.8984,0.9577,3657,3
0.9492,0.9492,0.8729,0.8898,21632,3
0.8898,0.9238,0.8898,0.9238,1121,3
0.8814,0.9322,0.8814,0.9322,2454,3
0.9322,0.9322,0.9322,0.9322,473,3
0.8892,0.9341,0.8892,0.9341,200,3
0.9341,0.9341,0.9341,0.9341,1072,3
0.8898,0.9153,0.8814,0.8814,10706,3
0.9072,0.9072,0.8982,0.9072,1354,3
0.9072,0.9072,0.9072,0.9072,1071,3
0.9072,0.9701,0.8892,0.9431,9388,3
0.9431,0.952,0.9431,0.952,8324,3
0.9661,1.0509,0.9661,0.9916,42248,3
1.033,1.033,0.979,0.979,5224,3
0.983,0.983,0.9661,0.983,6008,3
0.979,1.0149,0.979,1.0149,4376,3
1.0599,1.0778,1.0239,1.0239,28798,3
1.033,1.1047,1.033,1.1047,32067,3
1.1047,1.1047,1.1047,1.1047,71,3
1.1047,1.1047,1.033,1.0599,11825,3
1.0599,1.0599,1.0149,1.0599,12649,3
1.0509,1.0868,1.0509,1.0509,2797,3
1.1138,1.1228,1.1138,1.1138,599,3
1.1047,1.1138,1.1047,1.1047,129,3
1.1047,1.1047,1.0059,1.0239,9326,3
1.0778,1.0778,1.033,1.0599,2232,3
1.0239,1.0599,1.0149,1.0599,200,3
1.0149,1.0599,1.0149,1.0599,122,3
1.0509,1.0509,1.0509,1.0509,728,3
1.0599,1.0599,0.988,1.033,7510,3
1.033,1.0599,1.0059,1.0419,28474,3
1.0419,1.0419,1.0419,1.0419,16,3
1.0419,1.0419,0.9701,1.0239,7112,3
1.0239,1.0239,0.952,1.0149,5796,3
1.0149,1.0239,1.0149,1.0239,4173,3
1.0239,1.0239,1.0149,1.0149,21,3
1.0149,1.0149,1.0149,1.0149,1003,3
1.0149,1.0149,1.0149,1.0149,30,3
1.0149,1.0149,1.0149,1.0149,17,3
1.0149,1.0149,1.0149,1.0149,2,3
1.0149,1.0149,1.0149,1.0149,16,3
1.0149,1.0149,1.0149,1.0149,18,3
1.0149,1.0149,1.0149,1.0149,15,3
1.0149,1.0149,1.0149,1.0149,124,3
1.0149,1.0149,1.0149,1.0149,1,3
1.0059,1.0059,1.0059,1.0059,5,3
1.0059,1.0059,1.0059,1.0059,5,3
0.988,0.988,0.988,0.988,9,3
0.979,1.0149,0.979,1.0149,17123,3
0.988,1.0239,0.988,1.0239,11511,3
1.0239,1.0239,0.988,1.0239,22304,3
1.0239,1.0239,1.0239,1.0239,1375,3
1.0239,1.1138,1.0239,1.033,2523,3
0.997,1.0419,0.997,1.0419,234,3
1.0419,1.0688,1.0419,1.0599,5238,3
1.0778,1.0778,1.0599,1.0778,1768,3
1.0778,1.1138,1.0778,1.1138,11234,3
1.1138,1.1497,1.1138,1.1317,13956,3
1.1407,1.1407,1.0778,1.1407,2248,3
1.1407,1.1586,1.1407,1.1586,15065,3
1.1586,1.1586,1.1407,1.1586,408,3
1.1586,1.1586,1.1317,1.1497,1138,3
1.1317,1.1497,1.1138,1.1497,2084,3
1.1497,1.1497,1.0868,1.1407,2442,3
1.1497,1.1497,1.1228,1.1497,41,3
1.1497,1.1497,1.1497,1.1497,6,3
1.1497,1.1497,1.1047,1.1407,2862,3
1.1407,1.1497,1.1407,1.1407,1130,3
1.1407,1.1407,1.0957,1.1317,243,3
1.1317,1.2305,1.1317,1.2305,56379,3
1.2395,1.2395,1.2036,1.2215,4303,3
1.2126,1.2305,1.2126,1.2305,4067,3
1.2305,1.2305,1.1138,1.1407,35452,3
1.1856,1.1856,1.0778,1.1228,20154,3
1.1317,1.1317,1.1228,1.1228,463,3
1.1228,1.1228,1.0957,1.1228,7838,3
1.1228,1.1228,1.0957,1.1228,5255,3
1.1228,1.1228,1.1228,1.1228,123,3
1.1317,1.1317,1.1317,1.1317,15,3
1.1138,1.1138,1.1138,1.1138,13,3
1.1138,1.1138,1.1138,1.1138,22,3
1.1138,1.1138,1.1138,1.1138,4,3
1.1138,1.1138,1.1138,1.1138,4,3
1.1047,1.1138,1.1047,1.1138,1205,3
1.1138,1.1138,1.1138,1.1138,2,3
1.0957,1.1317,1.0957,1.1228,8695,3
1.1228,1.1228,1.1228,1.1228,9,3
1.1228,1.1228,1.1228,1.1228,17,3
1.1228,1.1228,1.0957,1.1228,10751,3
1.1228,1.1228,1.1228,1.1228,12,3
1.1228,1.1228,1.1228,1.1228,12,3
1.1228,1.1228,1.1228,1.1228,6300,3
1.1676,1.1766,1.1497,1.1676,3350,3
1.2036,1.2036,1.1676,1.1856,2568,3
1.1676,1.1946,1.1676,1.1856,2990,3
1.1946,1.1946,1.1676,1.1676,740,3
1.1676,1.1766,1.1228,1.1766,3397,3
1.1946,1.1946,1.1317,1.1946,687,3
1.1946,1.1946,1.1856,1.1946,2155,3
1.1946,1.1946,1.1946,1.1946,2,3
1.1946,1.1946,1.1676,1.1946,3871,3
1.1856,1.1856,1.1856,1.1856,47,3
1.1676,1.1676,1.1138,1.1586,3372,3
1.1586,1.1586,1.1497,1.1586,2257,3
1.1586,1.1586,1.1497,1.1586,2196,3
1.1766,1.1766,1.1138,1.1407,18199,3
1.1497,1.1497,1.1407,1.1497,9278,3
1.1497,1.1676,1.1138,1.1138,3736,3
1.1676,1.1676,1.0957,1.1317,10390,3
1.1586,1.1676,1.1407,1.1676,8370,3
1.1946,1.1946,1.1856,1.1856,58,3
1.1856,1.1856,1.1676,1.1856,1479,3
1.1856,1.1856,1.1856,1.1856,37,3
1.1856,1.1946,1.1497,1.1676,1356,3
1.2036,1.2036,1.1407,1.1676,3142,3
1.1676,1.1946,1.1676,1.1766,27859,3
1.1856,1.2305,1.1676,1.2305,27060,3
1.2215,1.2305,1.2215,1.2305,3341,3
1.2215,1.2215,1.1586,1.1946,7896,3
1.2215,1.2215,1.1407,1.1676,11236,3
1.1138,1.1497,1.1047,1.1228,20550,3
1.1228,1.1676,1.1228,1.1676,9612,3
1.1676,1.1676,1.1676,1.1676,28,3
1.1856,1.1946,1.1407,1.1407,6422,3
1.1946,1.1946,1.1407,1.1856,1141,3
1.1676,1.1946,1.1317,1.1856,2250,3
1.1946,1.1946,1.1497,1.1856,2825,3
1.1856,1.1856,1.1497,1.1676,3758,3
1.1676,1.1766,1.1676,1.1766,2825,3
1.1766,1.1766,1.1407,1.1497,4056,3
1.1676,1.1676,1.1586,1.1676,5761,3
1.1586,1.1586,1.1586,1.1586,4092,3
1.1586,1.1586,1.1407,1.1497,5928,3
1.1497,1.1497,1.1047,1.1497,2885,3
1.1047,1.1497,1.1047,1.1497,4792,3
1.1407,1.1407,1.1138,1.1407,587,3
1.1407,1.1586,1.1138,1.1407,10926,3
1.1676,1.1676,1.1317,1.1676,2998,3
1.1766,1.1766,1.1497,1.1766,4508,3
1.1946,1.1946,1.1407,1.1946,9025,3
1.1856,1.1946,1.1407,1.1856,7182,3
1.1856,1.1856,1.1497,1.1766,1117,3
1.1856,1.1856,1.1317,1.1676,1134,3
1.1586,1.1586,1.1497,1.1497,837,3
1.1497,1.1586,1.1228,1.1586,1815,3
1.1586,1.1586,1.1138,1.1317,281,3
1.1317,1.1317,1.1047,1.1317,3609,3
1.1586,1.1586,1.1138,1.1407,2615,3
1.1586,1.1586,1.1407,1.1407,586,3
1.1586,1.1586,1.1497,1.1586,4618,3
1.1497,1.1497,1.0957,1.1497,6501,3
1.1407,1.1407,1.1317,1.1317,797,3
1.1317,1.2036,1.1317,1.1586,3921,3
1.1856,1.1856,1.1228,1.1228,6697,3
1.1676,1.1676,1.1228,1.1407,9069,3
1.1676,1.1676,1.1317,1.1676,1120,3
1.1586,1.1586,1.1586,1.1586,22,3
1.1497,1.1497,1.1407,1.1407,243,3
1.1497,1.1497,1.1407,1.1407,932,3
1.1586,1.1586,1.0957,1.1228,9700,3
1.1228,1.1228,1.0957,1.1138,6267,3
1.1138,1.1138,1.1138,1.1138,5,3
1.1047,1.1586,1.0778,1.1586,8047,3
1.1497,1.1497,1.1317,1.1497,3699,3
1.1407,1.1497,1.1317,1.1497,1400,3
1.1497,1.1497,1.1407,1.1407,144,3
1.1317,1.1317,1.1138,1.1138,48,3
1.1407,1.1407,1.1228,1.1228,2121,3
1.1407,1.1407,1.0868,1.1317,2824,3
1.1317,1.1317,1.1228,1.1317,9912,3
1.1317,1.1317,1.1228,1.1317,3074,3
1.1317,1.1317,1.1228,1.1317,2700,3
1.1317,1.1317,1.1317,1.1317,32,3
1.1317,1.1317,1.0778,1.1228,882,3
1.1317,1.1317,1.1317,1.1317,10,3
1.1317,1.1317,1.0868,1.1138,155,3
1.1228,1.1228,1.1138,1.1228,408,3
1.1228,1.1228,1.1138,1.1228,4790,3
1.1317,1.1317,1.1228,1.1228,27,3
1.0957,1.1317,1.0957,1.1228,1230,3
1.1317,1.1317,1.1138,1.1317,2169,3
1.1317,1.1317,1.0957,1.1228,6061,3
1.0957,1.1228,1.0957,1.1228,250,3
1.1317,1.1317,1.0868,1.0868,2480,3
1.1317,1.1317,1.1228,1.1317,1569,3
1.1228,1.1228,1.1228,1.1228,32,3
1.1228,1.1228,1.0778,1.1138,7297,3
1.1138,1.1138,1.1138,1.1138,27,3
1.1138,1.1138,1.0868,1.1047,4046,3
1.1138,1.1138,1.1138,1.1138,36,3
1.1138,1.1138,1.1138,1.1138,161,3
1.1138,1.1138,1.1138,1.1138,20,3
1.1138,1.1138,1.0868,1.1047,2447,3
1.0957,1.1047,1.0957,1.1047,1138,3
1.1047,1.1047,1.1047,1.1047,22,3
1.1138,1.1138,1.0149,1.0149,50764,3
1.0419,1.0419,1.0239,1.0419,3479,3
1.0419,1.0419,0.988,1.0419,1476,3
1.033,1.033,1.033,1.033,32,3
1.033,1.033,0.952,0.952,2041,3
0.9431,1.0239,0.8892,0.9431,25241,3
1.0149,1.0149,0.988,0.997,1119,3
0.997,0.997,0.9431,0.9431,5086,3
1.0419,1.0688,1.0239,1.0419,33464,3
1.0599,1.0957,0.979,1.0957,30383,3
1.1047,1.1047,1.0868,1.0868,17,3
1.0868,1.0868,1.0419,1.0868,1797,3
1.0688,1.0688,1.0239,1.0599,1125,3
1.0688,1.0688,1.0149,1.0509,3905,3
1.0509,1.0599,1.0239,1.0239,10751,3
1.0599,1.1228,1.0509,1.1138,8120,3
1.1138,1.1407,1.1047,1.1407,37164,3
1.1407,1.1586,1.1317,1.1497,13676,3
1.1676,1.1766,1.1407,1.1766,6355,3
1.1766,1.2036,1.1676,1.2036,18533,3
1.2036,1.2036,1.2036,1.2036,1392,3
1.2036,1.2305,1.2036,1.2215,19981,3
1.2215,1.2305,1.1228,1.1856,3052,3
1.1586,1.2126,1.1228,1.2126,8354,3
1.1676,1.2126,1.1407,1.1946,2782,3
1.2036,1.2036,1.1946,1.1946,15,3
1.1856,1.1856,1.1676,1.1676,1115,3
1.1586,1.1586,1.0957,1.1497,9909,3
1.1228,1.1228,1.0778,1.1228,10691,3
1.1228,1.1228,1.1228,1.1228,24,3
1.0957,1.1497,1.0778,1.1497,10541,3
1.1497,1.1497,1.1228,1.1497,12881,3
1.1586,1.1586,1.0957,1.1586,2957,3
1.1586,1.1586,1.1047,1.1497,3364,3
1.1497,1.1497,1.1047,1.1407,8248,3
1.1138,1.1407,1.0957,1.1407,26743,3
1.1407,1.1407,1.0778,1.1317,12088,3
1.0868,1.1317,1.0778,1.1228,14255,3
1.1317,1.1317,1.1317,1.1317,5,3
1.0957,1.1317,1.0868,1.1228,18799,3
1.0957,1.1497,1.0957,1.1497,11116,3
1.1497,1.1497,1.1497,1.1497,43,3
1.1497,1.1497,1.0688,1.0778,33513,3
1.1138,1.1138,1.0688,1.1047,3195,3
1.0957,1.0957,1.0149,1.0957,8654,3
1.0957,1.1047,1.0957,1.1047,3222,3
1.0599,1.1047,1.0599,1.0778,12873,3
1.0957,1.0957,1.0419,1.0688,1961,3
1.0419,1.0778,1.033,1.0778,9195,3
1.0868,1.1047,1.0778,1.1047,8404,3
1.1048,1.1048,1.0688,1.0688,6717,3
1.1547,1.1547,1.0307,1.0879,3634,3
1.1165,1.1165,1.1165,1.1165,4,3
1.1261,1.1261,1.0593,1.1261,14077,3
1.1356,1.1356,1.0975,1.1356,495,3
1.1356,1.1356,1.1356,1.1356,1012,3
1.1356,1.1356,1.1261,1.1261,64,3
1.1356,1.1356,1.1165,1.1261,425,3
1.1356,1.1356,1.0593,1.1261,4091,3
1.1261,1.1261,1.1261,1.1261,7,3
1.1261,1.1261,1.1261,1.1261,7,3
1.1261,1.1261,1.0879,1.0975,873,3
1.0688,1.1165,1.0593,1.1165,1462,3
1.1165,1.1165,1.0688,1.0879,7609,3
1.107,1.1165,1.0784,1.1165,1098,3
1.1165,1.1165,1.107,1.107,367,3
1.107,1.107,1.107,1.107,67,3
1.107,1.107,1.0688,1.107,1541,3
1.1165,1.1165,1.107,1.1165,109,3
1.1165,1.1165,1.107,1.107,34,3
1.1165,1.1165,1.107,1.107,18,3
1.0784,1.1165,1.0688,1.107,828,3
1.1165,1.1165,1.107,1.1165,1612,3
1.1165,1.1165,1.0975,1.1165,147,3
1.1165,1.1165,1.0688,1.1165,2529,3
1.1165,1.1165,1.0593,1.0784,5744,3
1.1165,1.1165,1.1165,1.1165,8,3
1.1165,1.1165,1.1165,1.1165,1079,3
1.107,1.107,1.0307,1.107,9512,3
1.107,1.107,1.0211,1.0784,3521,3
1.107,1.107,1.107,1.107,7,3
1.1165,1.1165,1.1165,1.1165,6,3
1.1165,1.1165,1.0211,1.0688,7304,3
1.1165,1.1165,1.0784,1.0784,13,3
1.0784,1.0784,1.0116,1.0784,10223,3
1.0784,1.0784,1.0116,1.0784,3146,3
1.0784,1.0784,1.0116,1.0784,2102,3
1.0784,1.0784,1.0784,1.0784,7,3
1.0593,1.0593,1.0497,1.0497,329,3
1.1165,1.1165,1.1165,1.1165,3,3
1.1165,1.1165,1.1165,1.1165,4,3
1.1165,1.1165,1.1165,1.1165,7,3
1.1165,1.1165,1.1165,1.1165,12,3
1.1165,1.1165,1.1165,1.1165,13,3
1.1165,1.1165,1.0307,1.1165,2206,3
1.1165,1.1165,1.1165,1.1165,3,3
1.0879,1.0879,1.0879,1.0879,16,3
1.0879,1.0879,0.9543,1.0784,585,3
1.0879,1.0879,0.9734,1.002,7524,3
1.0688,1.0688,0.9925,0.9925,6023,3
1.0307,1.0307,0.9734,1.0307,10722,3
1.0307,1.0307,1.0307,1.0307,1,3
1.002,1.002,0.9543,1.002,22693,3
1.0307,1.0307,1.0307,1.0307,13,3
1.0307,1.0688,1.0307,1.0497,12,3
1.0497,1.0497,1.0497,1.0497,12,3
1.0307,1.0307,0.9543,1.0307,12129,3
1.0402,1.0402,1.0402,1.0402,3,3
1.0211,1.0211,1.0116,1.0116,7,3
1.0116,1.0116,1.0116,1.0116,10,3
1.0116,1.0116,1.0116,1.0116,3,3
1.0116,1.0116,1.0116,1.0116,12,3
1.0116,1.0116,1.0116,1.0116,6,3
1.0116,1.0116,1.0116,1.0116,8,3
1.0116,1.0116,0.9543,1.0116,541,3
1.002,1.002,0.9543,1.002,832,3
0.9543,1.0116,0.9066,0.9925,27358,3
0.9925,0.9925,0.9925,0.9925,9,3
0.9925,0.9925,0.9543,0.9543,2622,3
0.9925,0.9925,0.9543,0.9925,3682,3
0.9925,0.9925,0.9925,0.9925,15,3
0.9925,0.9925,0.9066,0.9925,327,3
0.9925,0.9925,0.9066,0.9066,2096,3
0.9925,0.9925,0.9066,0.9639,2370,3
0.9639,0.9639,0.9543,0.9543,322,3
0.9925,0.9925,0.9639,0.9639,15,3
0.9925,0.9925,0.9925,0.9925,2,3
0.9925,0.9925,0.9543,0.9543,329,3
0.9925,0.9925,0.9161,0.9161,778,3
0.9829,0.9829,0.9543,0.9829,1570,3
0.9829,0.9829,0.9161,0.9829,130,3
0.9734,0.9734,0.878,0.9352,14327,3
0.9352,0.9352,0.9352,0.9352,2261,3
0.9352,0.9352,0.878,0.878,4466,3
0.878,0.9066,0.8589,0.8589,51419,3
0.9066,0.9066,0.9066,0.9066,45,3
0.9066,0.9066,0.9066,0.9066,46,3
0.9257,0.9257,0.9257,0.9257,16,3
0.9257,0.9257,0.9257,0.9257,4,3
0.9257,0.9257,0.9257,0.9257,49,3
0.9257,0.9257,0.9257,0.9257,8,3
0.9257,0.9257,0.9066,0.9066,15052,3
0.9161,0.9257,0.8875,0.9257,2013,3
0.9161,0.9161,0.9161,0.9161,7,3
0.9257,0.9257,0.8875,0.9066,1202,3
0.9066,0.9066,0.9066,0.9066,1094,3
0.8875,0.8875,0.878,0.878,2620,3
0.878,0.9543,0.878,0.9543,4901,3
0.9543,0.9543,0.8971,0.9543,1891,3
0.9925,0.9925,0.9829,0.9829,16,3
0.9829,0.9829,0.9639,0.9829,1880,3
0.9734,0.9734,0.9734,0.9734,9,3
0.9829,0.9829,0.8875,0.9829,6394,3
0.9829,0.9829,0.8684,0.878,10284,3
0.9161,0.9161,0.8493,0.9161,12625,3
0.9161,0.9161,0.9161,0.9161,30,3
0.9161,0.9161,0.9161,0.9161,503,3
0.9161,0.9161,0.9066,0.9066,13,3
0.9161,0.9161,0.9066,0.9066,532,3
0.9066,0.9066,0.9066,0.9066,12,3
0.9066,0.9066,0.9066,0.9066,10,3
0.9066,0.9066,0.8875,0.9066,587,3
0.9066,0.9066,0.9066,0.9066,10,3
0.9066,0.9066,0.8207,0.8303,9667,3
0.8493,0.878,0.8493,0.8493,7733,3
0.878,0.878,0.8684,0.878,2629,3
0.878,0.878,0.8112,0.8684,35110,3
0.9066,0.9066,0.878,0.878,4199,3
0.8971,0.8971,0.8112,0.8589,24218,3
0.8875,0.8875,0.8589,0.8589,1488,3
0.8875,0.8875,0.8589,0.8875,1046,3
0.8875,0.8875,0.8207,0.8589,11740,3
0.878,0.9734,0.8684,0.9734,141660,3
0.9734,1.1738,0.9734,1.0593,127057,3
1.0593,1.0593,1.0497,1.0497,3436,3
1.0497,1.0497,0.9925,0.9925,11528,3
0.9448,1.0211,0.9448,1.0211,20068,3
1.0975,1.0975,1.0688,1.0688,12,3
1.0497,1.0497,1.0211,1.0211,54,3
1.002,1.002,0.9352,0.9925,58,3
0.9925,0.9925,0.9543,0.9543,2098,3
0.9925,0.9925,0.9734,0.9925,2505,3
1.002,1.002,0.9448,1.002,35249,3
1.002,1.0211,0.9925,1.0211,1570,3
1.0211,1.0211,1.0211,1.0211,65,3
1.0116,1.0116,0.9543,1.0116,122,3
1.0116,1.0497,1.0116,1.0497,7319,3
1.0402,1.0402,0.9829,1.0402,8053,3
1.0402,1.0402,0.9829,1.0211,3802,3
1.0402,1.0402,0.9543,0.9543,5821,3
0.9543,1.0307,0.9448,1.0307,10174,3
1.0593,1.0593,0.9543,1.0307,5758,3
1.0211,1.0211,0.9543,1.0211,5243,3
0.9925,0.9925,0.9829,0.9829,1626,3
0.9543,0.9543,0.9066,0.9066,18481,3
0.9448,0.9448,0.9161,0.9448,56,3
0.9448,0.9448,0.9448,0.9448,3060,3
0.9925,0.9925,0.9161,0.9161,17013,3
0.9543,0.9543,0.878,0.878,6429,3
0.9066,0.9066,0.8971,0.9066,1655,3
0.8875,0.9066,0.8589,0.9066,42956,3
0.9829,0.9829,0.8875,0.9448,202,3
0.9352,0.9448,0.9352,0.9448,3,3
0.9734,0.9734,0.9543,0.9639,7134,3
0.9639,0.9639,0.9066,0.9066,2797,3
0.9257,0.9448,0.9066,0.9257,5405,3
0.9448,0.9448,0.8875,0.9257,3335,3
0.9543,0.9829,0.9448,0.9448,10723,3
0.9829,1.002,0.9639,0.9639,13568,3
1.002,1.002,0.9639,0.9639,3326,3
1.002,1.002,0.9543,1.002,1855,3
1.002,1.002,0.9543,0.9925,6313,3
0.9925,0.9925,0.9925,0.9925,72,3
0.9925,0.9925,0.9257,0.9925,11676,3
0.9925,0.9925,0.9543,0.9734,3569,3
0.9925,0.9925,0.9639,0.9829,5237,3
0.9925,0.9925,0.9543,0.9925,7922,3
0.9925,0.9925,0.9543,0.9925,4200,3
0.9925,0.9925,0.9925,0.9925,18,3
0.9925,0.9925,0.9639,0.9925,3590,3
0.9925,1.0211,0.9925,1.0211,5560,3
1.0116,1.0116,0.9639,1.002,3235,3
1.002,1.002,0.9734,1.002,2193,3
1.0211,1.0211,1.002,1.002,2780,3
1.0211,1.0211,0.9639,1.0211,782,3
1.0211,1.0211,1.0211,1.0211,1042,3
1.0211,1.0211,0.9925,1.0116,3165,3
1.0593,1.1452,1.0593,1.1165,50984,3
1.0497,1.0784,1.0211,1.0402,45521,3
1.0593,1.0593,1.0116,1.0593,4180,3
1.0497,1.0975,1.0497,1.0975,1058,3
1.0879,1.0879,1.0497,1.0879,1232,3
1.0879,1.0879,1.0879,1.0879,24,3
1.0879,1.0879,1.0879,1.0879,20,3
1.107,1.107,1.0784,1.0784,3150,3
1.107,1.107,1.0975,1.107,683,3
1.107,1.107,1.0211,1.107,10489,3
1.107,1.107,1.0402,1.107,734,3
1.107,1.107,1.0497,1.0497,5279,3
1.107,1.107,1.107,1.107,7,3
1.107,1.107,1.0593,1.0593,15,3
1.0593,1.1452,1.0497,1.0688,105249,3
1.1165,1.1165,1.0497,1.0784,23469,3
1.0784,1.107,1.0497,1.107,3916,3
1.0975,1.0975,1.0879,1.0975,1902,3
1.107,1.107,1.0497,1.107,11755,3
1.107,1.107,1.0307,1.0307,14498,3
1.0593,1.0593,1.0307,1.0593,2108,3
1.0593,1.0593,1.0593,1.0593,613,3
1.0593,1.0593,1.0307,1.0593,2472,3
1.0593,1.0688,1.0593,1.0688,389,3
1.0688,1.0688,1.002,1.0688,2229,3
1.0688,1.0688,1.0688,1.0688,5032,3
1.0688,1.0784,1.0688,1.0688,9988,3
1.0784,1.0784,1.0688,1.0784,1897,3
1.0688,1.0688,1.0688,1.0688,3145,3
1.0688,1.0688,1.0593,1.0593,5239,3
1.1356,1.2215,1.1261,1.212,144533,3
1.2311,1.4315,1.2311,1.4315,274415,3
1.4315,1.4983,1.3647,1.4219,52734,3
1.4028,1.4887,1.4028,1.4792,127677,3
1.4983,1.5746,1.4983,1.5555,153814,3
1.5651,1.6605,1.5364,1.6032,254909,3
1.5937,1.651,1.5937,1.651,71015,3
1.6701,1.8323,1.6319,1.7273,89012,3
1.8037,1.8609,1.7655,1.7655,73653,3
1.8514,1.88,1.775,1.8227,14309,3
1.8323,1.8418,1.6987,1.775,32847,3
1.7655,1.7655,1.6987,1.7464,6024,3
1.7082,1.7082,1.6605,1.6891,11948,3
1.7082,1.7082,1.5651,1.6701,17636,3
1.6701,1.775,1.6701,1.7082,16635,3
1.775,1.775,1.6987,1.7655,1720,3
1.775,1.775,1.7369,1.7655,6819,3
1.7655,1.7655,1.6987,1.7464,5223,3
1.7559,1.7655,1.7559,1.7655,2272,3
1.7655,1.7655,1.6796,1.7464,3866,3
1.7464,1.7464,1.6605,1.6605,5988,3
1.7464,1.7559,1.6605,1.7178,3341,3
1.7559,1.7559,1.6319,1.6319,7725,3
1.6987,1.6987,1.5937,1.5937,4194,3
1.6605,1.6605,1.6032,1.651,6078,3
1.6605,1.6605,1.5078,1.6128,19458,3
1.6605,1.6605,1.546,1.5937,4343,3
1.6032,1.6319,1.5746,1.6223,10322,3
1.651,1.6796,1.6223,1.6796,4437,3
1.7369,1.7655,1.6987,1.7559,15737,3
1.7559,1.7559,1.7369,1.7369,1183,3
1.7273,1.7369,1.7178,1.7178,2910,3
1.7178,1.8132,1.7082,1.7941,39858,3
1.8037,1.8132,1.7559,1.7559,6110,3
1.8037,1.88,1.7559,1.88,46892,3
1.93,2.01,1.91,2,41321,3
2.13,2.41,2.13,2.34,160830,3
2.34,2.39,2.18,2.25,55957,3
2.29,2.29,2.15,2.2,18625,3
2.19,2.21,2.14,2.21,9048,3
2.21,2.3,2.18,2.3,15379,3
2.31,2.35,2.28,2.35,13760,3
2.35,2.39,2.33,2.39,14211,3
2.39,2.39,2.16,2.23,15531,3
2.38,2.38,2.29,2.35,7799,3
2.37,2.39,2.32,2.39,11283,3
2.4,2.4,2.34,2.39,19889,3
2.39,2.39,2.35,2.37,2027,3
2.38,2.38,2.35,2.35,10170,3
2.33,2.33,2.12,2.21,35472,3
2.2,2.25,2.09,2.15,20075,3
2.03,2.15,2.01,2.15,11826,3
2.11,2.32,2.11,2.18,5494,3
2.18,2.25,2.07,2.15,10027,3
2.25,2.26,2.16,2.2,6265,3
2.25,2.29,2.23,2.24,7065,3
2.23,2.29,2.18,2.28,14741,3
2.29,2.29,2.24,2.24,1052,3
2.24,2.28,2.12,2.28,4777,3
2.13,2.28,2.13,2.28,24,3
2.27,2.27,2.2,2.2,2324,3
2.28,2.28,2.16,2.2,1419,3
2.16,2.22,2.14,2.22,3522,3
2.22,2.28,2.22,2.28,7848,3
2.14,2.27,2.14,2.18,2205,3
2.28,2.28,2.24,2.24,103,3
2.28,2.28,2.22,2.22,1315,3
2.24,2.24,2.24,2.24,867,3
2.24,2.24,2.19,2.24,1602,3
2.18,2.22,2.12,2.22,2711,3
2.13,2.15,2.12,2.14,6083,3
2.14,2.24,2.14,2.24,2453,3
2.25,2.28,2.17,2.28,4258,3
2.28,2.28,2.26,2.26,60,3
2.28,2.28,2.1,2.14,9004,3
2.26,2.26,2.14,2.15,1666,3
2.26,2.26,2.19,2.19,1005,3
2.25,2.25,2.11,2.11,5408,3
2.11,2.25,2.11,2.25,1191,3
2.25,2.25,2.24,2.24,208,3
2.24,2.24,2.15,2.24,214,3
2.24,2.24,2.12,2.12,1742,3
2.22,2.22,2.15,2.22,662,3
2.18,2.18,2.1,2.16,14034,3
2.16,2.16,1.98,2.15,6957,3
2.15,2.22,2.15,2.22,858,3
2.21,2.21,2.15,2.17,2683,3
2.16,2.22,2.1,2.22,6576,3
2.21,2.21,2.19,2.19,94,3
2.12,2.16,2.08,2.15,4074,3
2.15,2.15,2.06,2.06,2305,3
2.06,2.06,2.03,2.06,11328,3
2.05,2.05,2.03,2.05,3638,3
2.06,2.06,1.94,1.99,15311,3
1.94,1.98,1.91,1.91,12030,3
1.91,2.07,1.86,1.97,6067,3
2.06,2.2,2.06,2.2,6531,3
2.19,2.25,2.13,2.13,9130,3
2.2,2.22,2.13,2.13,1092,3
2.2,2.23,2.15,2.2,3616,3
2.21,2.23,2.16,2.19,1923,3
2.22,2.22,2,2.09,29914,3
2.09,2.13,2.03,2.13,8552,3
2.13,2.22,2.13,2.22,9263,3
2.22,2.22,2.19,2.19,1342,3
2.21,2.21,2.17,2.21,1015,3
2.2,2.2,2.15,2.2,5480,3
2.19,2.19,2.15,2.17,886,3
2.16,2.22,2.15,2.21,6554,3
2.15,2.15,1.94,1.98,14956,3
1.75,1.98,1.75,1.93,25576,3
1.87,1.91,1.8,1.91,21625,3
1.91,2,1.8,2,18139,3
2,2,1.9,1.95,16687,3
1.96,1.96,1.76,1.76,29677,3
1.76,1.85,1.75,1.8,4950,3
1.8,1.8,1.7,1.74,12826,3
1.74,1.75,1.72,1.75,2088,3
1.75,1.75,1.63,1.75,18943,3
1.74,1.74,1.63,1.68,1756,3
1.68,1.68,1.68,1.68,242,3
1.68,1.75,1.63,1.72,2897,3
1.75,1.75,1.55,1.64,9933,3
1.6,1.71,1.6,1.71,4342,3
1.69,1.69,1.56,1.65,4929,3
1.65,1.7,1.58,1.67,2819,3
1.58,1.67,1.58,1.65,244,3
1.65,1.67,1.58,1.67,985,3
1.67,1.67,1.65,1.67,2383,3
1.67,1.76,1.6,1.61,6100,3
1.61,1.7,1.61,1.7,2859,3
1.65,1.67,1.58,1.67,17348,3
1.71,1.71,1.69,1.69,74,3
1.59,1.69,1.59,1.69,3832,3
1.69,1.69,1.6,1.69,11858,3
1.69,1.69,1.69,1.69,42,3
1.69,1.69,1.67,1.67,138,3
1.69,1.69,1.6,1.6,493,3
1.58,1.69,1.58,1.58,4432,3
1.63,1.63,1.63,1.63,100,3
1.55,1.65,1.55,1.64,1859,3
1.6,1.68,1.58,1.67,6994,3
1.67,1.67,1.67,1.67,302,3
1.68,1.69,1.68,1.69,3002,3
1.7,1.7,1.7,1.7,1600,3
1.71,1.71,1.6,1.66,11503,3
1.6,1.7,1.6,1.68,11395,3
1.7,1.7,1.65,1.67,267,3
1.69,1.69,1.67,1.67,1519,3
1.69,1.69,1.64,1.68,8504,3
1.68,1.79,1.64,1.76,20480,3
1.67,1.79,1.66,1.74,5473,3
1.64,1.75,1.64,1.7,2536,3
1.8,1.8,1.7,1.78,5121,3
1.7,1.83,1.7,1.83,1195,3
1.83,1.83,1.7,1.83,1606,3
1.72,1.81,1.72,1.81,3702,3
1.72,1.81,1.72,1.8,1318,3
1.65,1.79,1.65,1.78,1696,3
1.78,1.78,1.7,1.75,6434,3
1.78,1.78,1.68,1.68,13571,3
1.68,1.7,1.65,1.7,3040,3
1.65,1.7,1.63,1.68,3359,3
1.84,1.87,1.71,1.77,43217,3
1.71,1.76,1.71,1.76,4990,3
1.76,1.83,1.76,1.82,6445,3
1.82,1.82,1.71,1.8,5902,3
1.79,1.79,1.76,1.79,7270,3
1.82,1.82,1.72,1.74,5939,3
1.74,1.74,1.73,1.74,8825,3
1.74,1.79,1.74,1.79,3308,3
1.79,1.87,1.76,1.86,16601,3
1.86,1.88,1.81,1.87,4256,3
1.81,1.87,1.74,1.86,5398,3
1.84,1.84,1.75,1.83,1746,3
1.82,1.82,1.8,1.8,5126,3
1.87,1.87,1.76,1.84,430,3
1.87,1.87,1.83,1.83,4011,3
1.82,1.85,1.8,1.84,2541,3
1.82,1.84,1.75,1.75,15395,3
1.79,1.79,1.69,1.75,3047,3
1.75,1.75,1.69,1.75,7812,3
1.79,1.79,1.75,1.78,1399,3
1.79,1.8,1.7,1.8,6621,3
1.77,1.77,1.7,1.77,20038,3
1.74,1.75,1.72,1.75,5887,3
1.77,1.8,1.71,1.75,1441,3
1.75,1.75,1.73,1.75,1827,3
1.75,1.75,1.75,1.75,562,3
1.75,1.75,1.6,1.68,21628,3
1.68,1.68,1.62,1.67,2870,3
1.66,1.66,1.51,1.61,30384,3
1.63,1.63,1.55,1.58,460,3
1.63,1.63,1.57,1.62,880,3
1.62,1.62,1.56,1.6,12525,3
1.6,1.61,1.47,1.55,47052,3
1.55,1.61,1.55,1.61,20639,3
1.61,1.77,1.61,1.77,30195,3
1.75,1.75,1.65,1.74,3696,3
1.75,1.77,1.7,1.73,4559,3
1.73,1.73,1.64,1.72,2063,3
1.72,1.76,1.72,1.72,6302,3
1.75,1.75,1.62,1.7,5364,3
1.7,1.7,1.64,1.7,3037,3
1.7,1.7,1.64,1.68,1261,3
1.7,1.7,1.66,1.7,313,3
1.7,1.7,1.62,1.69,9452,3
1.67,1.67,1.62,1.62,4297,3
1.57,1.67,1.57,1.58,13633,3
1.6,1.64,1.55,1.64,10130,3
1.68,1.68,1.63,1.64,1051,3
1.64,1.64,1.64,1.64,68,3
1.59,1.66,1.58,1.64,4972,3
1.64,1.64,1.64,1.64,74,3
1.63,1.63,1.55,1.6,10786,3
1.6,1.6,1.58,1.58,47,3
1.6,1.65,1.58,1.64,2067,3
1.61,1.64,1.57,1.64,8162,3
1.64,1.64,1.55,1.59,45272,3
1.59,1.6,1.54,1.54,3208,3
1.6,1.6,1.55,1.59,3378,3
1.6,1.61,1.59,1.6,4965,3
1.6,1.6,1.6,1.6,31,3
1.6,1.6,1.6,1.6,902,3
1.6,1.6,1.56,1.6,2361,3
1.6,1.62,1.56,1.62,6802,3
1.62,1.62,1.56,1.62,40,3
1.57,1.63,1.55,1.62,8283,3
1.6,1.6,1.55,1.57,20160,3
1.55,1.56,1.53,1.56,8538,3
1.53,1.56,1.51,1.55,7275,3
1.55,1.55,1.55,1.55,5029,3
1.56,1.59,1.55,1.59,7194,3
1.59,1.59,1.57,1.59,1064,3
1.59,1.59,1.57,1.59,77,3
1.59,1.59,1.58,1.59,232,3
1.59,1.59,1.57,1.59,147,3
1.57,1.59,1.57,1.59,2351,3
1.59,1.59,1.58,1.59,331,3
1.59,1.59,1.59,1.59,29,3
1.59,1.65,1.59,1.65,10699,3
1.65,1.7,1.64,1.7,16829,3
1.7,1.7,1.63,1.68,2323,3
1.6,1.66,1.59,1.65,4438,3
1.66,1.66,1.59,1.64,2687,3
1.63,1.64,1.62,1.64,4932,3
1.58,1.61,1.52,1.61,17664,3
1.64,1.64,1.61,1.61,268,3
1.62,1.62,1.57,1.62,1503,3
1.57,1.62,1.57,1.62,3112,3
1.62,1.62,1.62,1.62,1108,3
1.62,1.62,1.62,1.62,2715,3
1.62,1.62,1.61,1.62,4514,3
1.45,1.59,1.45,1.58,24785,3
1.59,1.7,1.59,1.66,18505,3
1.7,1.7,1.67,1.69,3200,3
1.7,1.7,1.63,1.69,12849,3
1.67,1.67,1.64,1.67,1463,3
1.67,1.67,1.6,1.64,9043,3
1.7,1.7,1.61,1.68,3091,3
1.68,1.68,1.64,1.67,941,3
1.68,1.68,1.61,1.68,3366,3
1.67,1.67,1.62,1.67,970,3
1.67,1.68,1.61,1.68,14312,3
1.69,1.7,1.67,1.7,1535,3
1.72,2.07,1.71,1.97,82231,3
2.05,2.05,1.85,1.89,51000,3
1.9,2.09,1.82,1.98,47838,3
1.98,2.05,1.92,1.96,49960,3
1.9,1.98,1.87,1.9,15489,3
1.9,1.92,1.79,1.85,64704,3
1.85,1.92,1.81,1.86,16354,3
1.85,1.96,1.85,1.93,25455,3
1.93,1.93,1.86,1.89,6412,3
1.87,1.88,1.84,1.88,5026,3
1.88,1.88,1.8,1.88,7380,3
1.88,1.93,1.84,1.91,14890,3
1.91,2.06,1.91,1.93,29462,3
1.95,2.04,1.95,2,26675,3
2.04,2.05,2.01,2.04,11525,3
2.04,2.06,1.96,2.04,6273,3
1.98,2.02,1.98,2.01,1823,3
2.01,2.02,1.91,1.95,3497,3
1.92,1.95,1.91,1.95,2876,3
1.93,1.93,1.82,1.85,31878,3
1.82,1.82,1.75,1.82,31913,3
1.92,1.92,1.85,1.92,11170,3
1.87,1.99,1.87,1.92,5982,3
1.92,1.96,1.87,1.87,12289,3
1.78,1.9,1.78,1.88,67493,3
1.89,1.92,1.86,1.9,4670,3
1.92,1.94,1.89,1.92,8805,3
1.92,1.92,1.81,1.89,17235,3
1.9,1.9,1.82,1.88,3084,3
1.88,1.88,1.79,1.85,4307,3
1.88,1.88,1.76,1.84,6509,3
1.83,1.86,1.76,1.82,15079,3
1.84,1.88,1.83,1.83,11943,3
1.83,1.89,1.78,1.86,18868,3
1.86,1.86,1.86,1.86,2,3
1.84,1.84,1.71,1.8,6027,3
1.79,1.79,1.79,1.79,2,3
1.71,1.79,1.71,1.73,2090,3
1.79,1.84,1.76,1.83,12508,3
1.88,1.88,1.8,1.85,3614,3
1.78,1.91,1.78,1.91,24263,3
1.94,1.97,1.9,1.95,12104,3
1.95,1.95,1.91,1.91,6010,3
1.9,1.9,1.8,1.9,6391,3
1.9,1.9,1.9,1.9,3006,3
1.8,1.8,1.77,1.8,9375,3
1.76,1.79,1.75,1.76,1590,3
1.8,1.8,1.8,1.8,56,3
1.78,1.78,1.75,1.78,1503,3
1.78,1.78,1.74,1.75,6848,3
1.75,1.75,1.75,1.75,6500,3
1.8,1.8,1.8,1.8,1027,3
1.68,1.77,1.66,1.77,20266,3
1.71,1.72,1.71,1.72,1003,3
1.69,1.76,1.69,1.76,1317,3
1.77,1.77,1.69,1.76,2534,3
1.76,1.76,1.72,1.76,696,3
1.76,1.76,1.73,1.75,1455,3
1.75,1.76,1.74,1.76,12746,3
1.7,1.73,1.69,1.73,6061,3
1.7,1.7,1.62,1.67,7648,3
1.67,1.71,1.67,1.71,1199,3
1.7,1.7,1.7,1.7,300,3
1.69,1.69,1.69,1.69,2000,3
1.69,1.69,1.68,1.68,1972,3
1.66,1.72,1.66,1.72,4134,3
1.67,1.75,1.67,1.75,4190,3
1.74,1.74,1.67,1.74,1716,3
1.74,1.74,1.74,1.74,41,3
1.74,1.75,1.71,1.75,4295,3
1.76,1.76,1.72,1.75,3757,3
1.75,1.76,1.73,1.76,2446,3
1.76,1.76,1.7,1.72,13280,3
1.72,1.75,1.72,1.75,7434,3
1.75,1.75,1.7,1.75,1155,3
1.69,1.71,1.65,1.7,17401,3
1.63,1.65,1.62,1.65,9516,3
1.65,1.65,1.62,1.64,17526,3
1.6,1.79,1.6,1.71,44701,3
1.75,1.78,1.69,1.78,16453,3
1.78,1.79,1.61,1.64,63493,3
1.64,1.64,1.62,1.63,3529,3
1.64,1.64,1.61,1.61,5541,3
1.63,1.63,1.63,1.63,117,3
1.63,1.63,1.59,1.62,11107,3
1.62,1.62,1.53,1.55,25533,3
1.53,1.58,1.46,1.5,19587,3
1.44,1.51,1.44,1.51,1625,3
1.47,1.51,1.47,1.51,2160,3
1.51,1.54,1.51,1.54,1062,3
1.54,1.55,1.49,1.49,3768,3
1.49,1.53,1.49,1.53,4443,3
1.52,1.52,1.49,1.49,4679,3
1.51,1.51,1.45,1.5,12204,3
1.5,1.5,1.48,1.5,3626,3
1.5,1.5,1.5,1.5,3784,3
1.5,1.52,1.49,1.51,1758,3
1.46,1.54,1.43,1.54,50096,3
1.54,1.58,1.53,1.58,37073,3
1.58,1.64,1.56,1.64,45300,3
1.68,1.77,1.68,1.74,73857,3
1.74,1.85,1.7,1.82,55625,3
1.84,1.85,1.82,1.83,12196,3
1.83,1.84,1.71,1.79,77643,3
1.73,1.76,1.71,1.74,13357,3
1.7,1.76,1.62,1.76,23247,3
1.74,1.79,1.69,1.75,6685,3
1.78,1.78,1.66,1.74,17981,3
1.74,1.74,1.65,1.7,8417,3
1.7,1.7,1.63,1.67,3023,3
1.67,1.68,1.62,1.68,3781,3
1.68,1.68,1.61,1.65,1861,3
1.65,1.65,1.63,1.64,2694,3
1.64,1.64,1.64,1.64,2,3
1.64,1.64,1.58,1.61,4019,3
1.63,1.63,1.55,1.62,8841,3
1.45,1.58,1.41,1.54,45869,3
1.54,1.54,1.47,1.53,658,3
1.53,1.53,1.51,1.53,199,3
1.53,1.53,1.52,1.53,1109,3
1.53,1.53,1.53,1.53,65,3
1.53,1.58,1.5,1.58,469,3
1.57,1.57,1.5,1.54,7837,3
1.54,1.55,1.5,1.51,4539,3
1.57,1.68,1.56,1.6,17991,3
1.67,1.67,1.57,1.63,4274,3
1.63,1.63,1.58,1.6,367,3
1.6,1.6,1.54,1.6,254,3
1.59,1.59,1.53,1.59,1196,3
1.53,1.57,1.52,1.57,4400,3
1.57,1.57,1.52,1.55,3448,3
1.55,1.59,1.55,1.56,3045,3
1.56,1.59,1.56,1.59,155,3
1.59,1.59,1.53,1.58,566,3
1.58,1.58,1.55,1.55,69,3
1.55,1.57,1.55,1.57,1471,3
1.57,1.57,1.57,1.57,143,3
1.57,1.57,1.54,1.57,1040,3
1.57,1.57,1.57,1.57,173,3
1.54,1.57,1.54,1.57,1305,3
1.57,1.57,1.56,1.57,234,3
1.57,1.62,1.55,1.61,3002,3
1.62,1.62,1.53,1.58,1226,3
1.58,1.58,1.53,1.55,2441,3
1.59,1.59,1.53,1.57,2237,3
1.56,1.56,1.53,1.55,3160,3
1.55,1.62,1.53,1.61,14402,3
1.45,1.54,1.43,1.45,35413,3
1.5,1.5,1.45,1.48,7904,3
1.51,1.51,1.38,1.38,15899,3
1.4,1.4,1.4,1.4,1091,3
1.4,1.42,1.4,1.42,5243,3
1.42,1.43,1.35,1.43,4620,3
1.43,1.43,1.34,1.42,5627,3
1.42,1.42,1.42,1.42,39,3
1.42,1.42,1.34,1.38,4203,3
1.4,1.4,1.34,1.4,1235,3
1.4,1.4,1.36,1.4,49,3
1.4,1.42,1.39,1.42,1938,3
1.42,1.42,1.42,1.42,122,3
1.41,1.41,1.41,1.41,68,3
1.41,1.41,1.41,1.41,18,3
1.41,1.41,1.36,1.36,1012,3
1.38,1.42,1.36,1.42,5011,3
1.42,1.42,1.39,1.39,5868,3
1.39,1.5,1.37,1.44,36118,3
1.44,1.49,1.34,1.4,22585,3
1.4,1.4,1.4,1.4,47,3
1.47,1.47,1.41,1.47,22190,3
1.47,1.52,1.47,1.52,12625,3
1.51,1.52,1.5,1.5,1324,3
1.52,1.52,1.41,1.52,11336,3
1.52,1.52,1.44,1.44,6574,3
1.44,1.51,1.42,1.49,5687,3
1.49,1.49,1.44,1.49,610,3
1.43,1.49,1.42,1.47,3126,3
1.44,1.44,1.44,1.44,556,3
1.44,1.44,1.44,1.44,157,3
1.47,1.47,1.47,1.47,5,3
1.47,1.47,1.42,1.47,1023,3
1.46,1.47,1.43,1.47,472,3
1.43,1.52,1.43,1.5,20753,3
1.5,1.55,1.47,1.47,15897,3
1.54,1.54,1.5,1.53,10854,3
1.56,1.58,1.52,1.58,14077,3
1.59,1.62,1.58,1.62,10778,3
1.62,1.64,1.62,1.63,8094,3
1.63,1.63,1.61,1.63,1517,3
1.63,1.63,1.57,1.63,758,3
1.61,1.63,1.61,1.63,105,3
1.61,1.61,1.55,1.56,2761,3
1.63,1.63,1.61,1.62,8454,3
1.56,1.62,1.56,1.62,542,3
1.62,1.62,1.62,1.62,65,3
1.55,1.62,1.54,1.62,713,3
1.62,1.62,1.62,1.62,27,3
1.62,1.62,1.56,1.62,524,3
1.62,1.62,1.61,1.61,56,3
1.6,1.63,1.54,1.62,27457,3
1.62,1.62,1.56,1.62,2281,3
1.61,1.62,1.56,1.61,15540,3
1.6,1.6,1.52,1.54,6028,3
1.62,1.62,1.56,1.58,7385,3
1.58,1.61,1.58,1.61,1191,3
1.6,1.6,1.58,1.6,445,3
1.61,1.61,1.57,1.57,2286,3
1.61,1.61,1.52,1.58,2040,3
1.58,1.58,1.58,1.58,130,3
1.59,1.59,1.52,1.56,5239,3
1.56,1.56,1.5,1.55,21679,3
1.55,1.55,1.54,1.54,1238,3
1.54,1.54,1.54,1.54,2,3
1.5,1.54,1.49,1.5,13598,3
1.49,1.49,1.49,1.49,110,3
1.49,1.49,1.47,1.49,3485,3
1.49,1.49,1.46,1.47,4269,3
1.46,1.46,1.44,1.44,13156,3
1.44,1.5,1.44,1.47,3760,3
1.49,1.49,1.48,1.48,6721,3
1.48,1.48,1.46,1.48,8017,3
1.49,1.49,1.42,1.47,10021,3
1.47,1.47,1.45,1.47,4126,3
1.47,1.6,1.47,1.6,42259,3
1.59,1.6,1.54,1.59,3535,3
1.54,1.54,1.52,1.54,3642,3
1.6,1.6,1.58,1.58,2065,3
1.55,1.55,1.53,1.55,711,3
1.6,1.6,1.56,1.6,29,3
1.6,1.61,1.6,1.6,11657,3
1.6,1.6,1.6,1.6,75,3
1.6,1.6,1.55,1.55,37,3
1.6,1.6,1.56,1.57,4986,3
1.6,1.6,1.6,1.6,15,3
1.54,1.55,1.54,1.55,2927,3
1.55,1.55,1.41,1.53,10802,3
1.42,1.51,1.42,1.51,2716,3
1.48,1.5,1.45,1.5,2293,3
1.46,1.5,1.44,1.5,10783,3
1.5,1.5,1.5,1.5,164,3
1.5,1.5,1.5,1.5,131,3
1.5,1.5,1.44,1.48,1499,3
1.5,1.5,1.44,1.48,1938,3
1.48,1.48,1.44,1.45,1932,3
1.48,1.49,1.45,1.47,759,3
1.48,1.48,1.48,1.48,300,3
1.48,1.5,1.48,1.5,5129,3
1.46,1.49,1.44,1.44,1352,3
1.48,1.48,1.48,1.48,66,3
1.48,1.48,1.48,1.48,133,3
1.43,1.45,1.43,1.43,7194,3
1.47,1.6,1.47,1.57,31842,3
1.55,1.55,1.51,1.54,613,3
1.54,1.54,1.53,1.54,59,3
1.54,1.54,1.5,1.54,553,3
1.54,1.54,1.54,1.54,53,3
1.54,1.58,1.54,1.58,354,3
1.58,1.58,1.5,1.56,1581,3
1.57,1.57,1.57,1.57,558,3
1.55,1.55,1.55,1.55,35,3
1.55,1.55,1.53,1.53,2917,3
1.53,1.53,1.53,1.53,683,3
1.53,1.53,1.47,1.53,6102,3
1.5,1.5,1.5,1.5,13,3
1.53,1.53,1.5,1.53,282,3
1.53,1.53,1.47,1.5,451,3
1.47,1.47,1.45,1.47,2052,3
1.47,1.49,1.41,1.44,14329,3
1.48,1.48,1.42,1.48,893,3
1.48,1.48,1.43,1.43,3508,3
1.48,1.48,1.42,1.48,331,3
1.48,1.49,1.45,1.49,1634,3
1.49,1.49,1.49,1.49,5,3
1.48,1.48,1.48,1.48,48,3
1.41,1.41,1.28,1.39,9988,3
1.39,1.4,1.35,1.38,1067,3
1.38,1.38,1.33,1.36,2785,3
1.36,1.4,1.36,1.4,14,3
1.4,1.4,1.38,1.4,2515,3
1.4,1.42,1.4,1.42,2513,3
1.4,1.48,1.4,1.48,6343,3
1.47,1.47,1.4,1.47,1192,3
1.48,1.48,1.4,1.45,24669,3
1.41,1.48,1.41,1.48,6818,3
1.48,1.48,1.48,1.48,1,3
1.46,1.46,1.41,1.45,551,3
1.45,1.45,1.45,1.45,2,3
1.45,1.45,1.4,1.41,5506,3
1.44,1.44,1.4,1.44,7507,3
1.44,1.44,1.4,1.44,10457,3
1.4,1.43,1.4,1.43,5804,3
1.4,1.43,1.4,1.43,1571,3
1.43,1.44,1.4,1.44,5191,3
1.44,1.44,1.4,1.44,2352,3
1.44,1.44,1.4,1.43,378,3
1.44,1.44,1.4,1.43,2615,3
1.42,1.42,1.42,1.42,62,3
1.44,1.44,1.4,1.42,277,3
1.44,1.44,1.34,1.34,2885,3
1.44,1.44,1.34,1.4,4742,3
1.4,1.44,1.4,1.44,2286,3
1.44,1.44,1.4,1.44,7423,3
1.44,1.44,1.42,1.44,681,3
1.44,1.44,1.44,1.44,74,3
1.44,1.44,1.44,1.44,41,3
1.44,1.44,1.43,1.43,281,3
1.44,1.44,1.4,1.44,66420,3
1.45,1.48,1.44,1.46,4354,3
1.48,1.48,1.48,1.48,2,3
1.48,1.48,1.48,1.48,2,3
1.48,1.48,1.39,1.43,4003,3
1.43,1.43,1.43,1.43,2,3
1.43,1.57,1.43,1.54,31669,3
1.55,1.58,1.4,1.4,15019,3
1.4,1.49,1.4,1.49,915,3
1.56,1.56,1.56,1.56,10,3
1.52,1.52,1.52,1.52,60,3
1.55,1.55,1.53,1.53,199,3
1.53,1.53,1.45,1.53,2559,3
1.53,1.53,1.45,1.52,2278,3
1.46,1.54,1.45,1.54,6366,3
1.54,1.54,1.54,1.54,16,3
1.5,1.5,1.45,1.48,273,3
1.5,1.5,1.42,1.42,2100,3
1.49,1.49,1.42,1.42,69,3
1.49,1.49,1.4,1.48,3786,3
1.48,1.48,1.45,1.45,117,3
1.48,1.48,1.48,1.48,10,3
1.4,1.48,1.39,1.4,25982,3
1.46,1.46,1.4,1.45,946,3
1.45,1.45,1.45,1.45,18,3
1.45,1.45,1.33,1.43,3475,3
1.45,1.45,1.44,1.44,26,3
1.44,1.44,1.36,1.44,5009,3
1.45,1.45,1.45,1.45,21,3
1.45,1.45,1.42,1.42,28,3
1.35,1.39,1.31,1.39,10404,3
1.39,1.47,1.39,1.47,5200,3
1.46,1.46,1.44,1.44,28,3
1.38,1.47,1.38,1.46,728,3
1.46,1.46,1.46,1.46,5,3
1.46,1.47,1.41,1.47,1524,3
1.47,1.47,1.35,1.37,632,3
1.45,1.45,1.41,1.41,1485,3
1.41,1.47,1.41,1.47,4487,3
1.47,1.47,1.41,1.41,72,3
1.36,1.4,1.36,1.4,1010,3
1.4,1.4,1.35,1.35,3046,3
1.4,1.4,1.34,1.4,1684,3
1.4,1.47,1.4,1.45,5528,3
1.46,1.46,1.45,1.45,43,3
1.45,1.45,1.45,1.45,26,3
1.46,1.46,1.45,1.45,60,3
1.45,1.45,1.45,1.45,43,3
1.45,1.45,1.45,1.45,49,3
1.45,1.45,1.38,1.38,1233,3
1.45,1.45,1.43,1.43,3902,3
1.45,1.45,1.43,1.45,6002,3
1.45,1.45,1.36,1.4,2269,3
1.45,1.45,1.36,1.41,10443,3
1.41,1.45,1.41,1.45,1044,3
1.44,1.44,1.44,1.44,16,3
1.45,1.45,1.45,1.45,19,3
1.45,1.45,1.45,1.45,1059,3
1.45,1.45,1.42,1.42,104,3
1.45,1.45,1.45,1.45,70,3
1.45,1.45,1.36,1.45,452,3
1.45,1.45,1.42,1.45,946,3
1.44,1.44,1.44,1.44,4,3
1.44,1.44,1.36,1.44,5410,3
1.43,1.43,1.43,1.43,55,3
1.43,1.43,1.36,1.43,2926,3
1.43,1.43,1.43,1.43,32,3
1.43,1.43,1.36,1.42,2489,3
1.42,1.42,1.42,1.42,46,3
1.42,1.42,1.42,1.42,4,3
1.43,1.43,1.41,1.41,146,3
1.4,1.4,1.36,1.4,391,3
1.4,1.45,1.36,1.45,45389,3
1.45,1.56,1.43,1.43,20346,3
1.5,1.5,1.42,1.45,5470,3
1.49,1.49,1.41,1.49,2258,3
1.49,1.53,1.47,1.53,1074,3
1.52,1.52,1.44,1.5,708,3
1.52,1.52,1.44,1.51,606,3
1.5,1.5,1.5,1.5,24,3
1.49,1.49,1.44,1.44,131,3
1.5,1.5,1.37,1.42,5713,3
1.45,1.59,1.45,1.59,27066,3
1.58,1.58,1.52,1.57,6311,3
1.57,1.57,1.52,1.57,11484,3
1.57,1.57,1.52,1.57,3530,3
1.58,1.58,1.44,1.56,11571,3
1.56,1.58,1.53,1.58,11677,3
1.58,1.58,1.58,1.58,15,3
1.57,1.57,1.57,1.57,154,3
1.58,1.58,1.58,1.58,2,3
1.58,1.58,1.49,1.56,4266,3
1.57,1.57,1.57,1.57,7,3
1.52,1.52,1.47,1.5,12974,3
1.55,1.55,1.45,1.5,6604,3
1.5,1.5,1.48,1.48,52,3
1.5,1.5,1.35,1.35,13323,3
1.36,1.37,1.36,1.37,2444,3
1.43,1.45,1.43,1.45,3400,3
1.45,1.49,1.44,1.49,1195,3
1.49,1.49,1.49,1.49,20,3
1.49,1.5,1.48,1.48,7581,3
1.48,1.48,1.48,1.48,163,3
1.48,1.48,1.4,1.4,6439,3
1.46,1.46,1.42,1.42,395,3
1.46,1.46,1.46,1.46,17,3
1.46,1.47,1.46,1.47,824,3
1.47,1.47,1.47,1.47,66,3
1.46,1.46,1.4,1.46,1538,3
1.46,1.47,1.42,1.47,2065,3
1.47,1.47,1.42,1.46,2086,3
1.42,1.46,1.42,1.46,3309,3
1.46,1.46,1.42,1.46,2152,3
1.45,1.45,1.45,1.45,38,3
1.46,1.46,1.46,1.46,69,3
1.46,1.46,1.42,1.42,5002,3
1.42,1.54,1.42,1.52,24677,3
1.52,1.52,1.52,1.52,119,3
1.52,1.61,1.52,1.55,18231,3
1.55,1.55,1.45,1.45,12233,3
1.54,1.54,1.42,1.42,4387,3
1.49,1.49,1.49,1.49,2,3
1.48,1.56,1.41,1.56,25150,3
1.47,1.56,1.47,1.51,5466,3
1.51,1.57,1.51,1.51,16664,3
1.54,1.59,1.54,1.59,24242,3
1.59,1.73,1.59,1.6,49903,3
1.65,1.74,1.65,1.74,13701,3
1.73,1.76,1.67,1.73,16893,3
1.7,1.73,1.7,1.73,1075,3
1.73,1.73,1.7,1.71,4049,3
1.72,1.72,1.67,1.67,1837,3
1.7,1.7,1.64,1.64,4524,3
1.69,1.69,1.61,1.61,2797,3
1.68,1.68,1.61,1.68,293,3
1.68,1.68,1.6,1.66,4455,3
1.66,1.66,1.58,1.65,5413,3
1.66,1.66,1.65,1.66,707,3
1.66,1.66,1.65,1.65,1202,3
1.66,1.66,1.66,1.66,1228,3
1.66,1.66,1.6,1.66,6915,3
1.67,1.67,1.6,1.66,16056,3
1.65,1.66,1.65,1.66,1697,3
1.68,1.68,1.68,1.68,21,3
1.68,1.68,1.65,1.68,2934,3
1.68,1.71,1.68,1.71,869,3
1.71,1.71,1.62,1.7,10786,3
1.71,1.71,1.7,1.7,171,3
1.71,1.71,1.7,1.7,183,3
1.7,1.7,1.66,1.7,522,3
1.66,1.7,1.66,1.7,2139,3
1.69,1.69,1.56,1.61,15424,3
1.66,1.66,1.62,1.64,3971,3
1.65,1.66,1.65,1.65,657,3
1.62,1.65,1.56,1.65,2814,3
1.64,1.65,1.64,1.65,8310,3
1.61,1.66,1.61,1.66,558,3
1.66,1.66,1.56,1.62,3514,3
1.57,1.57,1.57,1.57,999,3
1.6,1.6,1.6,1.6,72,3
1.6,1.6,1.6,1.6,708,3
1.55,1.55,1.55,1.55,3522,3
1.59,1.6,1.59,1.6,389,3
1.6,1.6,1.56,1.6,45,3
1.6,1.6,1.56,1.56,1802,3
1.6,1.6,1.56,1.56,1247,3
1.6,1.6,1.55,1.6,287,3
1.6,1.62,1.6,1.62,11177,3
1.64,1.68,1.61,1.61,4024,3
1.61,1.66,1.57,1.57,10865,3
1.64,1.64,1.63,1.64,892,3
1.63,1.63,1.63,1.63,98,3
1.63,1.63,1.57,1.57,1089,3
1.61,1.61,1.61,1.61,57,3
1.62,1.63,1.6,1.62,2225,3
1.62,1.62,1.62,1.62,277,3
1.62,1.64,1.62,1.62,1083,3
1.64,1.67,1.58,1.61,9057,3
1.67,1.67,1.58,1.58,520,3
1.65,1.65,1.53,1.6,21544,3
1.6,1.6,1.57,1.6,8032,3
1.6,1.6,1.56,1.56,4875,3
1.6,1.6,1.56,1.6,5004,3
1.6,1.6,1.58,1.58,162,3
1.6,1.6,1.6,1.6,37,3
1.6,1.6,1.59,1.59,1002,3
1.6,1.6,1.6,1.6,2,3
1.55,1.55,1.55,1.55,2000,3
1.55,1.56,1.55,1.56,21,3
1.55,1.55,1.46,1.55,9390,3
1.55,1.55,1.54,1.55,5577,3
1.59,1.59,1.59,1.59,34,3
1.59,1.59,1.5,1.5,3223,3
1.59,1.59,1.59,1.59,51,3
1.59,1.59,1.59,1.59,35,3
1.59,1.59,1.59,1.59,41,3
1.59,1.59,1.59,1.59,46,3
1.59,1.59,1.56,1.59,348,3
1.59,1.59,1.59,1.59,50,3
1.59,1.59,1.59,1.59,24,3
1.59,1.59,1.59,1.59,2,3
1.55,1.55,1.55,1.55,55,3
1.55,1.55,1.55,1.55,30,3
1.55,1.55,1.5,1.5,3011,3
1.5,1.55,1.5,1.55,255,3
1.55,1.55,1.55,1.55,1,3
1.5,1.55,1.47,1.55,1579,3
1.52,1.52,1.52,1.52,10,3
1.5,1.5,1.5,1.5,1,3
1.5,1.5,1.45,1.49,812,3
1.49,1.49,1.45,1.49,1634,3
1.49,1.49,1.41,1.43,6557,3
1.44,1.44,1.34,1.39,10299,3
1.39,1.39,1.35,1.39,4690,3
1.46,1.56,1.46,1.55,49208,3
1.56,1.6,1.56,1.58,11349,3
1.58,1.6,1.55,1.6,5801,3
1.61,1.61,1.55,1.6,10108,3
1.6,1.6,1.6,1.6,62,3
1.6,1.6,1.55,1.59,11843,3
1.59,1.59,1.55,1.56,19101,3
1.56,1.56,1.55,1.55,4955,3
1.55,1.55,1.52,1.55,2459,3
1.55,1.56,1.55,1.56,344,3
1.56,1.56,1.5,1.55,2516,3
1.55,1.55,1.51,1.55,1699,3
1.55,1.6,1.55,1.59,6345,3
1.59,1.59,1.59,1.59,409,3
1.59,1.59,1.49,1.54,6271,3
1.54,1.54,1.51,1.54,339,3
1.56,1.56,1.51,1.56,2565,3
1.56,1.56,1.51,1.56,633,3
1.56,1.56,1.51,1.54,576,3
1.54,1.54,1.51,1.54,3335,3
1.54,1.54,1.53,1.53,138,3
1.53,1.53,1.47,1.53,5246,3
1.52,1.52,1.48,1.52,200,3
1.52,1.52,1.48,1.51,577,3
1.51,1.51,1.42,1.49,1399,3
1.49,1.49,1.49,1.49,54,3
1.5,1.5,1.44,1.48,1061,3
1.48,1.48,1.47,1.47,203,3
1.47,1.47,1.37,1.47,8727,3
1.47,1.47,1.47,1.47,49,3
1.47,1.47,1.4,1.4,1905,3
1.47,1.47,1.36,1.47,127,3
1.47,1.47,1.39,1.47,1042,3
1.47,1.47,1.47,1.47,21,3
1.47,1.47,1.42,1.42,22,3
1.42,1.42,1.42,1.42,312,3
1.42,1.42,1.42,1.42,13,3
1.42,1.42,1.42,1.42,13,3
1.42,1.42,1.42,1.42,13,3
1.42,1.42,1.42,1.42,13,3
1.37,1.42,1.37,1.42,4036,3
1.47,1.47,1.4,1.47,62,3
1.46,1.46,1.46,1.46,13,3
1.47,1.47,1.44,1.46,7157,3
1.47,1.47,1.41,1.45,1024,3
1.45,1.45,1.45,1.45,22,3
1.45,1.45,1.45,1.45,38,3
1.45,1.48,1.45,1.48,3241,3
1.48,1.48,1.48,1.48,45,3
1.49,1.49,1.47,1.47,1023,3
1.49,1.5,1.49,1.5,842,3
1.53,1.53,1.5,1.5,83,3
1.53,1.55,1.52,1.52,2056,3
1.55,1.55,1.5,1.54,306,3
1.54,1.54,1.54,1.54,124,3
1.55,1.64,1.55,1.64,18509,3
1.66,1.68,1.66,1.66,1428,3
1.67,1.68,1.6,1.6,10921,3
1.63,1.63,1.6,1.63,442,3
1.52,1.61,1.52,1.61,193,3
1.61,1.61,1.61,1.61,41,3
1.61,1.61,1.61,1.61,38,3
1.6,1.6,1.6,1.6,37,3
1.61,1.63,1.57,1.63,4339,3
1.62,1.68,1.52,1.62,12143,3
1.62,1.62,1.61,1.62,5982,3
1.68,1.68,1.64,1.67,5572,3
1.67,1.68,1.67,1.68,20,3
1.67,1.67,1.62,1.67,12261,3
1.67,1.67,1.53,1.65,9703,3
1.66,1.66,1.64,1.64,117,3
1.64,1.66,1.64,1.65,1973,3
1.64,1.64,1.62,1.64,2815,3
1.64,1.64,1.58,1.61,2221,3
1.61,1.64,1.58,1.64,2970,3
1.64,1.64,1.64,1.64,1021,3
1.6,1.66,1.6,1.63,1051,3
1.63,1.66,1.63,1.66,23,3
1.66,1.68,1.66,1.68,605,3
1.68,1.68,1.55,1.6,9459,3
1.6,1.6,1.55,1.6,374,3
1.6,1.6,1.55,1.6,312,3
1.6,1.6,1.5,1.56,10785,3
1.56,1.56,1.53,1.56,2048,3
1.56,1.56,1.56,1.56,16,3
1.56,1.56,1.56,1.56,9,3
1.56,1.56,1.52,1.55,685,3
1.56,1.56,1.56,1.56,23,3
1.56,1.56,1.55,1.56,42,3
1.56,1.56,1.56,1.56,2,3
1.54,1.54,1.54,1.54,1033,3
1.56,1.56,1.54,1.56,3240,3
1.54,1.54,1.54,1.54,1038,3
1.56,1.56,1.54,1.54,9,3
1.56,1.56,1.56,1.56,22,3
1.56,1.56,1.54,1.54,1045,3
1.56,1.56,1.54,1.54,1018,3
1.56,1.6,1.5,1.6,1503,3
1.6,1.6,1.6,1.6,37,3
1.6,1.6,1.59,1.59,62,3
1.6,1.6,1.5,1.59,618,3
1.6,1.6,1.59,1.59,59,3
1.6,1.6,1.59,1.59,37,3
1.6,1.6,1.55,1.59,1568,3
1.6,1.6,1.49,1.59,368,3
1.6,1.6,1.54,1.54,123,3
1.52,1.52,1.49,1.52,1174,3
1.6,1.6,1.6,1.6,26,3
1.6,1.6,1.6,1.6,41,3
1.6,1.6,1.59,1.59,36,3
1.59,1.59,1.54,1.58,211,3
1.59,1.59,1.5,1.59,1421,3
1.59,1.59,1.52,1.58,2764,3
1.55,1.55,1.52,1.55,310,3
1.5,1.55,1.5,1.54,2101,3
1.54,1.54,1.54,1.54,45,3
1.54,1.54,1.49,1.49,1931,3
1.47,1.54,1.47,1.54,72,3
1.54,1.54,1.51,1.54,626,3
1.54,1.54,1.46,1.54,584,3
1.54,1.57,1.53,1.57,11952,3
1.58,1.58,1.58,1.58,52,3
1.57,1.57,1.54,1.54,2533,3
1.5,1.54,1.5,1.53,4037,3
1.53,1.54,1.5,1.5,8333,3
1.53,1.54,1.53,1.54,3386,3
1.54,1.54,1.54,1.54,59,3
1.54,1.54,1.54,1.54,51,3
1.54,1.54,1.52,1.54,287,3
1.54,1.54,1.49,1.54,342,3
1.54,1.54,1.53,1.53,59,3
1.53,1.54,1.53,1.54,3082,3
1.54,1.54,1.54,1.54,54,3
1.54,1.54,1.51,1.54,2398,3
1.54,1.54,1.54,1.54,78,3
